mutant1,mutant2,template,passed_test,diff_locations,explored_diffs,elapsed_time_ms
tmi9.xml,tmi1.xml,Template3,PASSED,3,3,15
tmi1.xml,tmi9.xml,Template1,PASSED,3,3,13
tmi9.xml,tadSyncid1id2.xml,Template5,FAILED,5,4,8
tadSyncid1id2.xml,tmi9.xml,Template1,PASSED,3,3,9
tmi9.xml,tadSyncid4id1.xml,Template4,FAILED,4,1,6
tadSyncid4id1.xml,tmi9.xml,Template1,PASSED,2,2,6
tmi9.xml,ccn2.xml,Template1,PASSED,2,2,8
ccn2.xml,tmi9.xml,Template1,PASSED,1,1,9
tmi9.xml,tadSyncid3id4.xml,Template4,FAILED,4,2,7
tadSyncid3id4.xml,tmi9.xml,Template2,PASSED,2,2,7
tmi9.xml,tadSyncid2id4.xml,Template4,FAILED,4,4,7
tadSyncid2id4.xml,tmi9.xml,Template1,PASSED,2,2,6
tmi9.xml,cxs1.xml,Template4,PASSED,4,4,7
cxs1.xml,tmi9.xml,Template4,FAILED,10,1,6
tmi9.xml,smiTemplateid4.xml,template,TIMEOUT,0,0,0
smiTemplateid4.xml,tmi9.xml,Template1,FAILED,6,1,6
tmi9.xml,tadSyncid0id0.xml,Template4,FAILED,4,2,9
tadSyncid0id0.xml,tmi9.xml,Template1,PASSED,2,2,7
tmi9.xml,tadSyncid3id0.xml,Template5,FAILED,5,2,9
tadSyncid3id0.xml,tmi9.xml,Template3,PASSED,3,3,8
tmi9.xml,tmi4.xml,Template2,PASSED,3,3,6
tmi4.xml,tmi9.xml,Template2,PASSED,4,4,8
tmi9.xml,tadSyncid0id3.xml,Template2,FAILED,5,2,6
tadSyncid0id3.xml,tmi9.xml,Template2,PASSED,3,3,6
tmi9.xml,tadSyncid0id4.xml,Template4,FAILED,4,1,7
tadSyncid0id4.xml,tmi9.xml,Template1,PASSED,2,2,6
tmi9.xml,tadSyncid3id2.xml,Template5,FAILED,5,1,6
tadSyncid3id2.xml,tmi9.xml,Template1,PASSED,3,3,7
tmi9.xml,tadSyncid5id0.xml,Template4,FAILED,4,1,10
tadSyncid5id0.xml,tmi9.xml,Template1,PASSED,2,2,7
tmi9.xml,tadSyncid3id1.xml,Template5,FAILED,5,1,7
tadSyncid3id1.xml,tmi9.xml,Template2,PASSED,3,3,7
tmi9.xml,tadSyncid1id4.xml,Template4,FAILED,4,4,7
tadSyncid1id4.xml,tmi9.xml,Template2,PASSED,2,2,7
tmi9.xml,tadSyncid2id3.xml,Template2,FAILED,5,2,6
tadSyncid2id3.xml,tmi9.xml,Template2,PASSED,3,3,7
tmi9.xml,tadSyncid5id3.xml,Template1,FAILED,4,2,7
tadSyncid5id3.xml,tmi9.xml,Template1,PASSED,2,2,7
tmi9.xml,tmi13.xml,template,TIMEOUT,0,0,0
tmi13.xml,tmi9.xml,Template1,PASSED,1,1,7
tmi9.xml,tadSyncid5id1.xml,Template4,FAILED,4,2,6
tadSyncid5id1.xml,tmi9.xml,Template1,PASSED,2,2,8
tmi9.xml,tmi6.xml,Template3,PASSED,3,3,7
tmi6.xml,tmi9.xml,Template2,PASSED,2,2,8
tmi9.xml,tadSyncid5id5.xml,Template3,FAILED,3,3,8
tadSyncid5id5.xml,tmi9.xml,Template1,PASSED,1,1,7
tmi9.xml,ccn1.xml,Template1,PASSED,2,2,11
ccn1.xml,tmi9.xml,Template1,PASSED,1,1,8
tmi9.xml,cxs2.xml,Template4,PASSED,4,4,6
cxs2.xml,tmi9.xml,Template7,FAILED,10,1,4
tmi9.xml,tadSyncid2id1.xml,Template5,FAILED,5,2,8
tadSyncid2id1.xml,tmi9.xml,Template1,PASSED,3,3,7
tmi9.xml,tadSyncid4id4.xml,Template3,FAILED,3,3,7
tadSyncid4id4.xml,tmi9.xml,Template1,PASSED,1,1,7
tmi9.xml,tmi2.xml,Template1,PASSED,3,3,7
tmi2.xml,tmi9.xml,Template3,PASSED,3,3,6
tmi9.xml,tadSyncid1id0.xml,Template5,FAILED,5,2,7
tadSyncid1id0.xml,tmi9.xml,Template2,PASSED,3,3,9
tmi9.xml,tadSyncid0id2.xml,Template5,FAILED,5,1,8
tadSyncid0id2.xml,tmi9.xml,Template1,PASSED,3,3,7
tmi9.xml,tadSyncid4id3.xml,Template4,FAILED,4,1,7
tadSyncid4id3.xml,tmi9.xml,Template1,PASSED,2,2,8
tmi9.xml,tadSyncid1id5.xml,Template4,FAILED,4,1,5
tadSyncid1id5.xml,tmi9.xml,Template1,PASSED,2,2,6
tmi9.xml,tadSyncid2id0.xml,Template5,FAILED,5,5,11
tadSyncid2id0.xml,tmi9.xml,Template3,PASSED,3,3,6
tmi9.xml,tmi12.xml,Template2,PASSED,2,2,6
tmi12.xml,tmi9.xml,Template1,PASSED,2,2,6
tmi9.xml,smiTemplateid1.xml,Template1,PASSED,3,3,6
smiTemplateid1.xml,tmi9.xml,Template3,FAILED,6,4,7
tmi9.xml,tmi10.xml,Template1,PASSED,2,2,7
tmi10.xml,tmi9.xml,Template1,PASSED,2,2,6
tmi9.xml,tadSyncid3id3.xml,Template4,FAILED,4,4,7
tadSyncid3id3.xml,tmi9.xml,Template2,PASSED,2,2,6
tmi9.xml,tadSyncid0id5.xml,Template4,FAILED,4,2,6
tadSyncid0id5.xml,tmi9.xml,Template1,PASSED,2,2,8
tmi9.xml,tadSyncid5id2.xml,Template1,FAILED,4,1,7
tadSyncid5id2.xml,tmi9.xml,Template2,PASSED,2,2,6
tmi9.xml,tmi11.xml,Template1,PASSED,2,2,6
tmi11.xml,tmi9.xml,Template2,PASSED,2,2,9
tmi1.xml,tadSyncid1id2.xml,Template4,FAILED,4,2,7
tadSyncid1id2.xml,tmi1.xml,Template1,PASSED,2,2,6
tmi1.xml,tadSyncid4id1.xml,Template3,FAILED,4,2,7
tadSyncid4id1.xml,tmi1.xml,Template2,PASSED,2,2,6
tmi1.xml,ccn2.xml,Template2,PASSED,2,2,7
ccn2.xml,tmi1.xml,Template1,PASSED,1,1,7
tmi1.xml,tadSyncid3id4.xml,Template5,FAILED,5,4,6
tadSyncid3id4.xml,tmi1.xml,Template3,PASSED,3,3,7
tmi1.xml,tadSyncid2id4.xml,Template5,FAILED,5,1,7
tadSyncid2id4.xml,tmi1.xml,Template2,PASSED,3,3,7
tmi1.xml,cxs1.xml,Template1,PASSED,4,4,6
cxs1.xml,tmi1.xml,Template6,FAILED,10,1,5
tmi1.xml,smiTemplateid4.xml,template,TIMEOUT,0,0,0
smiTemplateid4.xml,tmi1.xml,Template1,FAILED,8,2,7
tmi1.xml,tadSyncid0id0.xml,Template4,FAILED,4,4,7
tadSyncid0id0.xml,tmi1.xml,Template1,PASSED,2,2,7
tmi1.xml,tadSyncid3id0.xml,Template5,FAILED,5,4,7
tadSyncid3id0.xml,tmi1.xml,Template1,PASSED,3,3,8
tmi1.xml,tmi4.xml,Template1,PASSED,1,1,7
tmi4.xml,tmi1.xml,Template1,PASSED,3,3,7
tmi1.xml,tadSyncid0id3.xml,Template5,FAILED,5,2,7
tadSyncid0id3.xml,tmi1.xml,Template1,PASSED,3,3,7
tmi1.xml,tadSyncid0id4.xml,Template5,FAILED,5,3,8
tadSyncid0id4.xml,tmi1.xml,Template3,PASSED,3,3,6
tmi1.xml,tadSyncid3id2.xml,Template5,FAILED,5,5,7
tadSyncid3id2.xml,tmi1.xml,Template3,PASSED,3,3,6
tmi1.xml,tadSyncid5id0.xml,Template4,FAILED,4,1,7
tadSyncid5id0.xml,tmi1.xml,Template2,PASSED,2,2,7
tmi1.xml,tadSyncid3id1.xml,Template4,FAILED,4,2,7
tadSyncid3id1.xml,tmi1.xml,Template2,PASSED,2,2,6
tmi1.xml,tadSyncid1id4.xml,Template4,FAILED,4,4,7
tadSyncid1id4.xml,tmi1.xml,Template1,PASSED,2,2,8
tmi1.xml,tadSyncid2id3.xml,Template3,FAILED,5,1,6
tadSyncid2id3.xml,tmi1.xml,Template1,PASSED,3,3,7
tmi1.xml,tadSyncid5id3.xml,Template4,FAILED,4,1,7
tadSyncid5id3.xml,tmi1.xml,Template1,PASSED,2,2,7
tmi1.xml,tmi13.xml,template,TIMEOUT,0,0,0
tmi13.xml,tmi1.xml,Template1,FAILED,2,1,7
tmi1.xml,tadSyncid5id1.xml,Template2,FAILED,3,1,6
tadSyncid5id1.xml,tmi1.xml,Template1,PASSED,1,1,16
tmi1.xml,tmi6.xml,Template3,PASSED,3,3,7
tmi6.xml,tmi1.xml,Template1,PASSED,2,2,6
tmi1.xml,tadSyncid5id5.xml,Template3,FAILED,3,1,7
tadSyncid5id5.xml,tmi1.xml,Template1,PASSED,1,1,9
tmi1.xml,ccn1.xml,Template2,PASSED,2,2,8
ccn1.xml,tmi1.xml,Template1,PASSED,1,1,7
tmi1.xml,cxs2.xml,Template3,PASSED,4,4,8
cxs2.xml,tmi1.xml,Template9,FAILED,10,1,5
tmi1.xml,tadSyncid2id1.xml,Template4,FAILED,4,4,9
tadSyncid2id1.xml,tmi1.xml,Template2,PASSED,2,2,9
tmi1.xml,tadSyncid4id4.xml,Template4,FAILED,4,2,7
tadSyncid4id4.xml,tmi1.xml,Template2,PASSED,2,2,6
tmi1.xml,tmi2.xml,Template3,PASSED,3,3,5
tmi2.xml,tmi1.xml,Template1,PASSED,3,3,6
tmi1.xml,tadSyncid1id0.xml,Template4,FAILED,4,1,8
tadSyncid1id0.xml,tmi1.xml,Template2,PASSED,2,2,7
tmi1.xml,tadSyncid0id2.xml,Template5,FAILED,5,5,6
tadSyncid0id2.xml,tmi1.xml,Template3,PASSED,3,3,7
tmi1.xml,tadSyncid4id3.xml,Template2,FAILED,5,3,5
tadSyncid4id3.xml,tmi1.xml,Template2,PASSED,3,3,6
tmi1.xml,tadSyncid1id5.xml,Template3,FAILED,3,1,8
tadSyncid1id5.xml,tmi1.xml,Template1,PASSED,1,1,8
tmi1.xml,tadSyncid2id0.xml,Template5,FAILED,5,1,7
tadSyncid2id0.xml,tmi1.xml,Template3,PASSED,3,3,6
tmi1.xml,tmi12.xml,Template1,PASSED,3,3,8
tmi12.xml,tmi1.xml,Template2,PASSED,3,3,6
tmi1.xml,smiTemplateid1.xml,Template1,PASSED,1,1,6
smiTemplateid1.xml,tmi1.xml,Template3,FAILED,4,2,7
tmi1.xml,tmi10.xml,Template1,PASSED,3,3,7
tmi10.xml,tmi1.xml,Template2,PASSED,3,3,9
tmi1.xml,tadSyncid3id3.xml,Template4,FAILED,4,3,10
tadSyncid3id3.xml,tmi1.xml,Template2,PASSED,2,2,7
tmi1.xml,tadSyncid0id5.xml,Template4,FAILED,4,1,6
tadSyncid0id5.xml,tmi1.xml,Template1,PASSED,2,2,7
tmi1.xml,tadSyncid5id2.xml,Template4,FAILED,4,1,7
tadSyncid5id2.xml,tmi1.xml,Template1,PASSED,2,2,8
tmi1.xml,tmi11.xml,Template2,PASSED,3,3,7
tmi11.xml,tmi1.xml,Template3,PASSED,3,3,6
tadSyncid1id2.xml,tadSyncid4id1.xml,Template2,FAILED,4,3,7
tadSyncid4id1.xml,tadSyncid1id2.xml,Template4,FAILED,4,1,7
tadSyncid1id2.xml,ccn2.xml,Template2,PASSED,2,2,7
ccn2.xml,tadSyncid1id2.xml,Template3,FAILED,3,3,6
tadSyncid1id2.xml,tadSyncid3id4.xml,Template5,FAILED,5,1,7
tadSyncid3id4.xml,tadSyncid1id2.xml,Template5,FAILED,5,4,6
tadSyncid1id2.xml,tadSyncid2id4.xml,Template4,FAILED,4,1,8
tadSyncid2id4.xml,tadSyncid1id2.xml,Template4,FAILED,4,4,7
tadSyncid1id2.xml,cxs1.xml,Template4,PASSED,4,4,6
cxs1.xml,tadSyncid1id2.xml,Template6,FAILED,12,1,5
tadSyncid1id2.xml,smiTemplateid4.xml,template,TIMEOUT,0,0,0
smiTemplateid4.xml,tadSyncid1id2.xml,Template1,FAILED,9,2,7
tadSyncid1id2.xml,tadSyncid0id0.xml,Template4,FAILED,4,3,8
tadSyncid0id0.xml,tadSyncid1id2.xml,Template4,FAILED,4,2,5
tadSyncid1id2.xml,tadSyncid3id0.xml,Template5,FAILED,5,2,9
tadSyncid3id0.xml,tadSyncid1id2.xml,Template5,FAILED,5,1,6
tadSyncid1id2.xml,tmi4.xml,Template2,PASSED,2,2,6
tmi4.xml,tadSyncid1id2.xml,Template4,FAILED,5,4,7
tadSyncid1id2.xml,tadSyncid0id3.xml,Template5,FAILED,5,1,7
tadSyncid0id3.xml,tadSyncid1id2.xml,Template5,FAILED,5,2,8
tadSyncid1id2.xml,tadSyncid0id4.xml,Template5,FAILED,5,1,7
tadSyncid0id4.xml,tadSyncid1id2.xml,Template5,FAILED,5,5,7
tadSyncid1id2.xml,tadSyncid3id2.xml,Template4,FAILED,4,1,6
tadSyncid3id2.xml,tadSyncid1id2.xml,Template4,FAILED,4,1,7
tadSyncid1id2.xml,tadSyncid5id0.xml,Template4,FAILED,4,1,7
tadSyncid5id0.xml,tadSyncid1id2.xml,Template4,FAILED,4,1,6
tadSyncid1id2.xml,tadSyncid3id1.xml,Template4,FAILED,4,3,8
tadSyncid3id1.xml,tadSyncid1id2.xml,Template4,FAILED,4,2,7
tadSyncid1id2.xml,tadSyncid1id4.xml,Template1,PASSED,4,4,7
tadSyncid1id4.xml,tadSyncid1id2.xml,Template4,PASSED,4,4,8
tadSyncid1id2.xml,tadSyncid2id3.xml,Template3,FAILED,4,2,6
tadSyncid2id3.xml,tadSyncid1id2.xml,Template4,FAILED,4,4,7
tadSyncid1id2.xml,tadSyncid5id3.xml,Template3,FAILED,4,3,8
tadSyncid5id3.xml,tadSyncid1id2.xml,Template4,FAILED,4,4,7
tadSyncid1id2.xml,tmi13.xml,template,TIMEOUT,0,0,0
tmi13.xml,tadSyncid1id2.xml,Template4,FAILED,4,2,7
tadSyncid1id2.xml,tadSyncid5id1.xml,Template3,FAILED,3,1,8
tadSyncid5id1.xml,tadSyncid1id2.xml,Template3,FAILED,3,3,7
tadSyncid1id2.xml,tmi6.xml,Template1,PASSED,2,2,6
tmi6.xml,tadSyncid1id2.xml,Template3,FAILED,3,3,8
tadSyncid1id2.xml,tadSyncid5id5.xml,Template3,FAILED,3,3,7
tadSyncid5id5.xml,tadSyncid1id2.xml,Template3,FAILED,3,3,7
tadSyncid1id2.xml,ccn1.xml,Template1,PASSED,2,2,6
ccn1.xml,tadSyncid1id2.xml,Template3,FAILED,3,2,7
tadSyncid1id2.xml,cxs2.xml,Template4,PASSED,4,4,7
cxs2.xml,tadSyncid1id2.xml,Template6,FAILED,12,1,6
tadSyncid1id2.xml,tadSyncid2id1.xml,Template3,FAILED,3,1,7
tadSyncid2id1.xml,tadSyncid1id2.xml,Template3,FAILED,3,1,9
tadSyncid1id2.xml,tadSyncid4id4.xml,Template4,FAILED,4,1,7
tadSyncid4id4.xml,tadSyncid1id2.xml,Template4,FAILED,4,4,6
tadSyncid1id2.xml,tmi2.xml,Template3,PASSED,3,3,10
tmi2.xml,tadSyncid1id2.xml,Template5,FAILED,5,1,6
tadSyncid1id2.xml,tadSyncid1id0.xml,Template3,PASSED,4,4,7
tadSyncid1id0.xml,tadSyncid1id2.xml,Template2,PASSED,4,4,7
tadSyncid1id2.xml,tadSyncid0id2.xml,Template4,FAILED,4,4,6
tadSyncid0id2.xml,tadSyncid1id2.xml,Template4,FAILED,4,3,7
tadSyncid1id2.xml,tadSyncid4id3.xml,Template5,FAILED,5,3,7
tadSyncid4id3.xml,tadSyncid1id2.xml,Template5,FAILED,5,1,6
tadSyncid1id2.xml,tadSyncid1id5.xml,Template2,PASSED,3,3,7
tadSyncid1id5.xml,tadSyncid1id2.xml,Template3,PASSED,3,3,8
tadSyncid1id2.xml,tadSyncid2id0.xml,Template4,FAILED,4,4,7
tadSyncid2id0.xml,tadSyncid1id2.xml,Template4,FAILED,4,2,6
tadSyncid1id2.xml,tmi12.xml,Template1,PASSED,3,3,7
tmi12.xml,tadSyncid1id2.xml,Template5,FAILED,5,3,7
tadSyncid1id2.xml,smiTemplateid1.xml,Template2,PASSED,2,2,6
smiTemplateid1.xml,tadSyncid1id2.xml,Template4,FAILED,7,4,7
tadSyncid1id2.xml,tmi10.xml,Template3,PASSED,3,3,6
tmi10.xml,tadSyncid1id2.xml,Template5,FAILED,5,4,6
tadSyncid1id2.xml,tadSyncid3id3.xml,Template4,FAILED,4,4,7
tadSyncid3id3.xml,tadSyncid1id2.xml,Template4,FAILED,4,2,6
tadSyncid1id2.xml,tadSyncid0id5.xml,Template4,FAILED,4,1,7
tadSyncid0id5.xml,tadSyncid1id2.xml,Template4,FAILED,4,1,7
tadSyncid1id2.xml,tadSyncid5id2.xml,Template3,FAILED,3,1,6
tadSyncid5id2.xml,tadSyncid1id2.xml,Template3,FAILED,3,3,7
tadSyncid1id2.xml,tmi11.xml,Template3,PASSED,3,3,7
tmi11.xml,tadSyncid1id2.xml,Template5,FAILED,5,5,6
tadSyncid4id1.xml,ccn2.xml,Template1,PASSED,2,2,7
ccn2.xml,tadSyncid4id1.xml,Template3,FAILED,3,1,7
tadSyncid4id1.xml,tadSyncid3id4.xml,Template4,FAILED,4,1,6
tadSyncid3id4.xml,tadSyncid4id1.xml,Template2,FAILED,4,2,5
tadSyncid4id1.xml,tadSyncid2id4.xml,Template4,FAILED,4,2,6
tadSyncid2id4.xml,tadSyncid4id1.xml,Template4,PASSED,4,4,7
tadSyncid4id1.xml,cxs1.xml,Template3,PASSED,4,4,7
cxs1.xml,tadSyncid4id1.xml,Template12,FAILED,12,1,6
tadSyncid4id1.xml,smiTemplateid4.xml,template,TIMEOUT,0,0,0
smiTemplateid4.xml,tadSyncid4id1.xml,Template9,FAILED,9,1,6
tadSyncid4id1.xml,tadSyncid0id0.xml,Template1,PASSED,4,4,9
tadSyncid0id0.xml,tadSyncid4id1.xml,Template4,FAILED,4,1,6
tadSyncid4id1.xml,tadSyncid3id0.xml,Template5,FAILED,5,4,7
tadSyncid3id0.xml,tadSyncid4id1.xml,Template2,FAILED,5,1,7
tadSyncid4id1.xml,tmi4.xml,Template1,PASSED,2,2,6
tmi4.xml,tadSyncid4id1.xml,Template4,FAILED,5,2,6
tadSyncid4id1.xml,tadSyncid0id3.xml,Template1,PASSED,4,4,10
tadSyncid0id3.xml,tadSyncid4id1.xml,Template2,FAILED,4,2,6
tadSyncid4id1.xml,tadSyncid0id4.xml,Template2,PASSED,4,4,8
tadSyncid0id4.xml,tadSyncid4id1.xml,Template2,FAILED,4,2,7
tadSyncid4id1.xml,tadSyncid3id2.xml,Template5,FAILED,5,2,7
tadSyncid3id2.xml,tadSyncid4id1.xml,Template5,FAILED,5,2,8
tadSyncid4id1.xml,tadSyncid5id0.xml,Template4,FAILED,4,3,7
tadSyncid5id0.xml,tadSyncid4id1.xml,Template1,PASSED,4,4,6
tadSyncid4id1.xml,tadSyncid3id1.xml,Template4,FAILED,4,4,7
tadSyncid3id1.xml,tadSyncid4id1.xml,Template1,FAILED,4,1,6
tadSyncid4id1.xml,tadSyncid1id4.xml,Template3,FAILED,3,3,6
tadSyncid1id4.xml,tadSyncid4id1.xml,Template1,FAILED,3,1,6
tadSyncid4id1.xml,tadSyncid2id3.xml,Template3,FAILED,5,2,6
tadSyncid2id3.xml,tadSyncid4id1.xml,Template3,FAILED,5,2,7
tadSyncid4id1.xml,tadSyncid5id3.xml,Template4,FAILED,4,1,7
tadSyncid5id3.xml,tadSyncid4id1.xml,Template2,FAILED,4,1,7
tadSyncid4id1.xml,tmi13.xml,template,TIMEOUT,0,0,0
tmi13.xml,tadSyncid4id1.xml,Template3,FAILED,3,1,7
tadSyncid4id1.xml,tadSyncid5id1.xml,Template3,FAILED,3,3,6
tadSyncid5id1.xml,tadSyncid4id1.xml,Template3,PASSED,3,3,5
tadSyncid4id1.xml,tmi6.xml,Template3,PASSED,3,3,6
tmi6.xml,tadSyncid4id1.xml,Template2,FAILED,4,1,9
tadSyncid4id1.xml,tadSyncid5id5.xml,Template3,PASSED,3,3,6
tadSyncid5id5.xml,tadSyncid4id1.xml,Template2,PASSED,3,3,7
tadSyncid4id1.xml,ccn1.xml,Template2,PASSED,2,2,6
ccn1.xml,tadSyncid4id1.xml,Template3,FAILED,3,2,8
tadSyncid4id1.xml,cxs2.xml,Template1,PASSED,4,4,8
cxs2.xml,tadSyncid4id1.xml,Template2,FAILED,12,1,5
tadSyncid4id1.xml,tadSyncid2id1.xml,Template4,FAILED,4,3,7
tadSyncid2id1.xml,tadSyncid4id1.xml,Template4,PASSED,4,4,6
tadSyncid4id1.xml,tadSyncid4id4.xml,Template3,PASSED,3,3,7
tadSyncid4id4.xml,tadSyncid4id1.xml,Template3,PASSED,3,3,6
tadSyncid4id1.xml,tmi2.xml,Template2,PASSED,3,3,6
tmi2.xml,tadSyncid4id1.xml,Template5,FAILED,5,1,7
tadSyncid4id1.xml,tadSyncid1id0.xml,Template4,FAILED,4,4,7
tadSyncid1id0.xml,tadSyncid4id1.xml,Template2,FAILED,4,2,7
tadSyncid4id1.xml,tadSyncid0id2.xml,Template5,PASSED,5,5,7
tadSyncid0id2.xml,tadSyncid4id1.xml,Template3,FAILED,5,3,6
tadSyncid4id1.xml,tadSyncid4id3.xml,Template1,PASSED,4,4,7
tadSyncid4id3.xml,tadSyncid4id1.xml,Template2,FAILED,4,2,7
tadSyncid4id1.xml,tadSyncid1id5.xml,Template3,FAILED,3,3,7
tadSyncid1id5.xml,tadSyncid4id1.xml,Template1,FAILED,3,2,5
tadSyncid4id1.xml,tadSyncid2id0.xml,Template5,FAILED,5,3,7
tadSyncid2id0.xml,tadSyncid4id1.xml,Template5,PASSED,5,5,6
tadSyncid4id1.xml,tmi12.xml,Template2,PASSED,2,2,6
tmi12.xml,tadSyncid4id1.xml,Template4,FAILED,4,1,7
tadSyncid4id1.xml,smiTemplateid1.xml,Template2,PASSED,2,2,7
smiTemplateid1.xml,tadSyncid4id1.xml,Template3,FAILED,7,2,5
tadSyncid4id1.xml,tmi10.xml,Template2,PASSED,2,2,7
tmi10.xml,tadSyncid4id1.xml,Template4,FAILED,4,1,8
tadSyncid4id1.xml,tadSyncid3id3.xml,Template4,FAILED,4,1,6
tadSyncid3id3.xml,tadSyncid4id1.xml,Template4,FAILED,4,1,6
tadSyncid4id1.xml,tadSyncid0id5.xml,Template4,PASSED,4,4,7
tadSyncid0id5.xml,tadSyncid4id1.xml,Template4,FAILED,4,1,6
tadSyncid4id1.xml,tadSyncid5id2.xml,Template4,FAILED,4,4,6
tadSyncid5id2.xml,tadSyncid4id1.xml,Template4,PASSED,4,4,8
tadSyncid4id1.xml,tmi11.xml,Template1,PASSED,2,2,7
tmi11.xml,tadSyncid4id1.xml,Template4,FAILED,4,2,6
ccn2.xml,tadSyncid3id4.xml,Template3,FAILED,3,1,7
tadSyncid3id4.xml,ccn2.xml,Template2,PASSED,2,2,7
ccn2.xml,tadSyncid2id4.xml,Template3,FAILED,3,2,7
tadSyncid2id4.xml,ccn2.xml,Template1,PASSED,2,2,6
ccn2.xml,cxs1.xml,Template3,PASSED,4,4,5
cxs1.xml,ccn2.xml,Template7,FAILED,11,1,5
ccn2.xml,smiTemplateid4.xml,template,TIMEOUT,0,0,0
smiTemplateid4.xml,ccn2.xml,Template1,FAILED,7,3,9
ccn2.xml,tadSyncid0id0.xml,Template2,FAILED,2,1,8
tadSyncid0id0.xml,ccn2.xml,Template1,PASSED,1,1,8
ccn2.xml,tadSyncid3id0.xml,Template3,FAILED,3,1,6
tadSyncid3id0.xml,ccn2.xml,Template1,PASSED,2,2,6
ccn2.xml,tmi4.xml,Template1,PASSED,1,1,9
tmi4.xml,ccn2.xml,Template1,PASSED,3,3,7
ccn2.xml,tadSyncid0id3.xml,Template2,FAILED,3,1,8
tadSyncid0id3.xml,ccn2.xml,Template1,PASSED,2,2,6
ccn2.xml,tadSyncid0id4.xml,Template3,FAILED,3,2,7
tadSyncid0id4.xml,ccn2.xml,Template1,PASSED,2,2,7
ccn2.xml,tadSyncid3id2.xml,Template3,FAILED,3,3,6
tadSyncid3id2.xml,ccn2.xml,Template1,PASSED,2,2,6
ccn2.xml,tadSyncid5id0.xml,Template2,FAILED,2,1,7
tadSyncid5id0.xml,ccn2.xml,Template1,PASSED,1,1,7
ccn2.xml,tadSyncid3id1.xml,Template3,FAILED,3,2,9
tadSyncid3id1.xml,ccn2.xml,Template1,PASSED,2,2,10
ccn2.xml,tadSyncid1id4.xml,Template3,FAILED,3,1,7
tadSyncid1id4.xml,ccn2.xml,Template2,PASSED,2,2,7
ccn2.xml,tadSyncid2id3.xml,Template3,FAILED,3,1,8
tadSyncid2id3.xml,ccn2.xml,Template2,PASSED,2,2,6
ccn2.xml,tadSyncid5id3.xml,Template1,FAILED,2,1,6
tadSyncid5id3.xml,ccn2.xml,Template1,PASSED,1,1,8
ccn2.xml,tmi13.xml,template,TIMEOUT,0,0,0
tmi13.xml,ccn2.xml,Template1,PASSED,1,1,7
ccn2.xml,tadSyncid5id1.xml,Template1,FAILED,2,1,6
tadSyncid5id1.xml,ccn2.xml,Template1,PASSED,1,1,8
ccn2.xml,tmi6.xml,Template1,PASSED,1,1,8
tmi6.xml,ccn2.xml,Template1,PASSED,1,1,7
ccn2.xml,tadSyncid5id5.xml,Template1,FAILED,1,1,7
ccn2.xml,cxs2.xml,Template2,PASSED,4,4,6
cxs2.xml,ccn2.xml,Template11,FAILED,11,1,6
ccn2.xml,tadSyncid2id1.xml,Template3,FAILED,3,1,8
tadSyncid2id1.xml,ccn2.xml,Template2,PASSED,2,2,7
ccn2.xml,tadSyncid4id4.xml,Template2,FAILED,2,2,7
tadSyncid4id4.xml,ccn2.xml,Template1,PASSED,1,1,7
ccn2.xml,tmi2.xml,Template1,PASSED,1,1,9
tmi2.xml,ccn2.xml,Template2,PASSED,2,2,8
ccn2.xml,tadSyncid1id0.xml,Template3,FAILED,3,3,7
tadSyncid1id0.xml,ccn2.xml,Template2,PASSED,2,2,7
ccn2.xml,tadSyncid0id2.xml,Template3,FAILED,3,2,6
tadSyncid0id2.xml,ccn2.xml,Template1,PASSED,2,2,6
ccn2.xml,tadSyncid4id3.xml,Template1,FAILED,3,1,7
tadSyncid4id3.xml,ccn2.xml,Template1,PASSED,2,2,9
ccn2.xml,tadSyncid1id5.xml,Template2,FAILED,2,2,8
tadSyncid1id5.xml,ccn2.xml,Template1,PASSED,1,1,6
ccn2.xml,tadSyncid2id0.xml,Template3,FAILED,3,2,7
tadSyncid2id0.xml,ccn2.xml,Template1,PASSED,2,2,7
ccn2.xml,tmi12.xml,Template1,PASSED,1,1,8
tmi12.xml,ccn2.xml,Template1,PASSED,2,2,8
ccn2.xml,smiTemplateid1.xml,Template1,PASSED,1,1,8
smiTemplateid1.xml,ccn2.xml,Template3,FAILED,5,5,8
ccn2.xml,tmi10.xml,Template1,PASSED,1,1,7
tmi10.xml,ccn2.xml,Template1,PASSED,2,2,6
ccn2.xml,tadSyncid3id3.xml,Template2,FAILED,2,1,6
tadSyncid3id3.xml,ccn2.xml,Template1,PASSED,1,1,8
ccn2.xml,tadSyncid0id5.xml,Template2,FAILED,2,2,7
tadSyncid0id5.xml,ccn2.xml,Template1,PASSED,1,1,8
ccn2.xml,tadSyncid5id2.xml,Template2,FAILED,2,1,7
tadSyncid5id2.xml,ccn2.xml,Template1,PASSED,1,1,10
ccn2.xml,tmi11.xml,Template1,PASSED,1,1,10
tmi11.xml,ccn2.xml,Template1,PASSED,2,2,8
tadSyncid3id4.xml,tadSyncid2id4.xml,Template4,FAILED,4,2,7
tadSyncid2id4.xml,tadSyncid3id4.xml,Template4,FAILED,4,2,7
tadSyncid3id4.xml,cxs1.xml,Template4,PASSED,5,5,8
cxs1.xml,tadSyncid3id4.xml,Template10,FAILED,13,1,5
tadSyncid3id4.xml,smiTemplateid4.xml,template,TIMEOUT,0,0,0
smiTemplateid4.xml,tadSyncid3id4.xml,Template9,FAILED,9,5,7
tadSyncid3id4.xml,tadSyncid0id0.xml,Template4,FAILED,4,1,9
tadSyncid0id0.xml,tadSyncid3id4.xml,Template4,FAILED,4,1,9
tadSyncid3id4.xml,tadSyncid3id0.xml,Template4,PASSED,4,4,9
tadSyncid3id0.xml,tadSyncid3id4.xml,Template4,PASSED,4,4,7
tadSyncid3id4.xml,tmi4.xml,Template2,PASSED,2,2,7
tmi4.xml,tadSyncid3id4.xml,Template5,FAILED,6,4,6
tadSyncid3id4.xml,tadSyncid0id3.xml,Template2,FAILED,4,2,7
tadSyncid0id3.xml,tadSyncid3id4.xml,Template4,FAILED,4,3,6
tadSyncid3id4.xml,tadSyncid0id4.xml,Template2,PASSED,2,2,6
tadSyncid0id4.xml,tadSyncid3id4.xml,Template2,PASSED,2,2,6
tadSyncid3id4.xml,tadSyncid3id2.xml,Template3,PASSED,4,4,7
tadSyncid3id2.xml,tadSyncid3id4.xml,Template2,PASSED,4,4,8
tadSyncid3id4.xml,tadSyncid5id0.xml,Template4,FAILED,4,3,7
tadSyncid5id0.xml,tadSyncid3id4.xml,Template4,PASSED,4,4,8
tadSyncid3id4.xml,tadSyncid3id1.xml,Template1,PASSED,4,4,6
tadSyncid3id1.xml,tadSyncid3id4.xml,Template3,PASSED,4,4,7
tadSyncid3id4.xml,tadSyncid1id4.xml,Template4,FAILED,4,4,7
tadSyncid1id4.xml,tadSyncid3id4.xml,Template4,FAILED,4,3,5
tadSyncid3id4.xml,tadSyncid2id3.xml,Template4,FAILED,4,1,7
tadSyncid2id3.xml,tadSyncid3id4.xml,Template4,FAILED,4,1,7
tadSyncid3id4.xml,tadSyncid5id3.xml,Template1,FAILED,3,1,6
tadSyncid5id3.xml,tadSyncid3id4.xml,Template1,PASSED,3,3,9
tadSyncid3id4.xml,tmi13.xml,template,TIMEOUT,0,0,0
tmi13.xml,tadSyncid3id4.xml,Template3,FAILED,3,1,7
tadSyncid3id4.xml,tadSyncid5id1.xml,Template2,FAILED,4,1,7
tadSyncid5id1.xml,tadSyncid3id4.xml,Template3,PASSED,4,4,7
tadSyncid3id4.xml,tmi6.xml,Template3,PASSED,3,3,10
tmi6.xml,tadSyncid3id4.xml,Template4,FAILED,4,3,8
tadSyncid3id4.xml,tadSyncid5id5.xml,Template3,FAILED,3,3,7
tadSyncid5id5.xml,tadSyncid3id4.xml,Template2,PASSED,3,3,7
tadSyncid3id4.xml,ccn1.xml,Template2,PASSED,2,2,7
ccn1.xml,tadSyncid3id4.xml,Template3,FAILED,3,2,6
tadSyncid3id4.xml,cxs2.xml,Template5,PASSED,5,5,7
cxs2.xml,tadSyncid3id4.xml,Template10,FAILED,13,1,5
tadSyncid3id4.xml,tadSyncid2id1.xml,Template5,FAILED,5,5,6
tadSyncid2id1.xml,tadSyncid3id4.xml,Template5,FAILED,5,3,7
tadSyncid3id4.xml,tadSyncid4id4.xml,Template3,FAILED,3,3,8
tadSyncid4id4.xml,tadSyncid3id4.xml,Template3,FAILED,3,3,11
tadSyncid3id4.xml,tmi2.xml,Template1,PASSED,2,2,8
tmi2.xml,tadSyncid3id4.xml,Template4,FAILED,4,4,7
tadSyncid3id4.xml,tadSyncid1id0.xml,Template5,FAILED,5,3,7
tadSyncid1id0.xml,tadSyncid3id4.xml,Template5,FAILED,5,5,7
tadSyncid3id4.xml,tadSyncid0id2.xml,Template5,FAILED,5,3,6
tadSyncid0id2.xml,tadSyncid3id4.xml,Template5,FAILED,5,3,8
tadSyncid3id4.xml,tadSyncid4id3.xml,Template3,FAILED,3,1,6
tadSyncid4id3.xml,tadSyncid3id4.xml,Template3,FAILED,3,2,7
tadSyncid3id4.xml,tadSyncid1id5.xml,Template4,FAILED,4,3,7
tadSyncid1id5.xml,tadSyncid3id4.xml,Template4,FAILED,4,2,7
tadSyncid3id4.xml,tadSyncid2id0.xml,Template5,FAILED,5,3,6
tadSyncid2id0.xml,tadSyncid3id4.xml,Template5,FAILED,5,5,7
tadSyncid3id4.xml,tmi12.xml,Template1,PASSED,2,2,8
tmi12.xml,tadSyncid3id4.xml,Template4,FAILED,4,1,6
tadSyncid3id4.xml,smiTemplateid1.xml,Template1,PASSED,2,2,7
smiTemplateid1.xml,tadSyncid3id4.xml,Template6,FAILED,7,2,6
tadSyncid3id4.xml,tmi10.xml,Template2,PASSED,2,2,6
tmi10.xml,tadSyncid3id4.xml,Template4,FAILED,4,1,6
tadSyncid3id4.xml,tadSyncid3id3.xml,Template1,PASSED,3,3,8
tadSyncid3id3.xml,tadSyncid3id4.xml,Template1,PASSED,3,3,6
tadSyncid3id4.xml,tadSyncid0id5.xml,Template4,FAILED,4,1,6
tadSyncid0id5.xml,tadSyncid3id4.xml,Template4,FAILED,4,4,7
tadSyncid3id4.xml,tadSyncid5id2.xml,Template4,FAILED,4,1,6
tadSyncid5id2.xml,tadSyncid3id4.xml,Template2,PASSED,4,4,6
tadSyncid3id4.xml,tmi11.xml,Template1,PASSED,2,2,7
tmi11.xml,tadSyncid3id4.xml,Template4,FAILED,4,2,10
tadSyncid2id4.xml,cxs1.xml,Template3,PASSED,4,4,7
cxs1.xml,tadSyncid2id4.xml,Template12,FAILED,12,1,5
tadSyncid2id4.xml,smiTemplateid4.xml,template,TIMEOUT,0,0,0
smiTemplateid4.xml,tadSyncid2id4.xml,Template7,FAILED,8,1,5
tadSyncid2id4.xml,tadSyncid0id0.xml,Template1,PASSED,4,4,7
tadSyncid0id0.xml,tadSyncid2id4.xml,Template4,FAILED,4,1,7
tadSyncid2id4.xml,tadSyncid3id0.xml,Template5,FAILED,5,5,6
tadSyncid3id0.xml,tadSyncid2id4.xml,Template5,FAILED,5,3,7
tadSyncid2id4.xml,tmi4.xml,Template3,PASSED,3,3,6
tmi4.xml,tadSyncid2id4.xml,Template5,FAILED,6,1,7
tadSyncid2id4.xml,tadSyncid0id3.xml,Template4,PASSED,5,5,7
tadSyncid0id3.xml,tadSyncid2id4.xml,Template5,FAILED,5,5,6
tadSyncid2id4.xml,tadSyncid0id4.xml,Template4,PASSED,4,4,8
tadSyncid0id4.xml,tadSyncid2id4.xml,Template4,FAILED,4,4,7
tadSyncid2id4.xml,tadSyncid3id2.xml,Template4,FAILED,4,3,7
tadSyncid3id2.xml,tadSyncid2id4.xml,Template4,FAILED,4,3,7
tadSyncid2id4.xml,tadSyncid5id0.xml,Template4,FAILED,4,1,6
tadSyncid5id0.xml,tadSyncid2id4.xml,Template4,FAILED,4,1,7
tadSyncid2id4.xml,tadSyncid3id1.xml,Template5,FAILED,5,4,7
tadSyncid3id1.xml,tadSyncid2id4.xml,Template5,FAILED,5,3,6
tadSyncid2id4.xml,tadSyncid1id4.xml,Template1,PASSED,2,2,6
tadSyncid1id4.xml,tadSyncid2id4.xml,Template2,PASSED,2,2,6
tadSyncid2id4.xml,tadSyncid2id3.xml,Template2,PASSED,4,4,6
tadSyncid2id3.xml,tadSyncid2id4.xml,Template2,PASSED,4,4,7
tadSyncid2id4.xml,tadSyncid5id3.xml,Template4,FAILED,4,4,7
tadSyncid5id3.xml,tadSyncid2id4.xml,Template4,FAILED,4,1,6
tadSyncid2id4.xml,tmi13.xml,template,TIMEOUT,0,0,0
tmi13.xml,tadSyncid2id4.xml,Template1,FAILED,3,1,7
tadSyncid2id4.xml,tadSyncid5id1.xml,Template4,FAILED,4,4,7
tadSyncid5id1.xml,tadSyncid2id4.xml,Template4,FAILED,4,1,6
tadSyncid2id4.xml,tmi6.xml,Template2,PASSED,2,2,6
tmi6.xml,tadSyncid2id4.xml,Template3,FAILED,3,3,6
tadSyncid2id4.xml,tadSyncid5id5.xml,Template1,PASSED,2,2,6
tadSyncid5id5.xml,tadSyncid2id4.xml,Template2,PASSED,2,2,7
tadSyncid2id4.xml,ccn1.xml,Template1,PASSED,2,2,6
ccn1.xml,tadSyncid2id4.xml,Template3,FAILED,3,3,7
tadSyncid2id4.xml,cxs2.xml,Template1,PASSED,4,4,7
cxs2.xml,tadSyncid2id4.xml,Template10,FAILED,12,1,5
tadSyncid2id4.xml,tadSyncid2id1.xml,Template1,PASSED,4,4,7
tadSyncid2id1.xml,tadSyncid2id4.xml,Template4,PASSED,4,4,8
tadSyncid2id4.xml,tadSyncid4id4.xml,Template3,PASSED,3,3,10
tadSyncid4id4.xml,tadSyncid2id4.xml,Template3,FAILED,3,1,8
tadSyncid2id4.xml,tmi2.xml,Template1,PASSED,3,3,8
tmi2.xml,tadSyncid2id4.xml,Template5,FAILED,5,2,7
tadSyncid2id4.xml,tadSyncid1id0.xml,Template5,FAILED,5,1,7
tadSyncid1id0.xml,tadSyncid2id4.xml,Template5,FAILED,5,1,7
tadSyncid2id4.xml,tadSyncid0id2.xml,Template1,PASSED,4,4,6
tadSyncid0id2.xml,tadSyncid2id4.xml,Template4,FAILED,4,1,6
tadSyncid2id4.xml,tadSyncid4id3.xml,Template4,PASSED,4,4,7
tadSyncid4id3.xml,tadSyncid2id4.xml,Template4,FAILED,4,2,7
tadSyncid2id4.xml,tadSyncid1id5.xml,Template4,FAILED,4,1,7
tadSyncid1id5.xml,tadSyncid2id4.xml,Template4,FAILED,4,1,7
tadSyncid2id4.xml,tadSyncid2id0.xml,Template3,PASSED,4,4,7
tadSyncid2id0.xml,tadSyncid2id4.xml,Template2,PASSED,4,4,6
tadSyncid2id4.xml,tmi12.xml,Template1,PASSED,2,2,6
tmi12.xml,tadSyncid2id4.xml,Template4,FAILED,4,3,7
tadSyncid2id4.xml,smiTemplateid1.xml,Template2,PASSED,3,3,7
smiTemplateid1.xml,tadSyncid2id4.xml,Template7,FAILED,8,3,7
tadSyncid2id4.xml,tmi10.xml,Template2,PASSED,2,2,7
tmi10.xml,tadSyncid2id4.xml,Template4,FAILED,4,4,7
tadSyncid2id4.xml,tadSyncid3id3.xml,Template4,FAILED,4,4,7
tadSyncid3id3.xml,tadSyncid2id4.xml,Template4,FAILED,4,1,8
tadSyncid2id4.xml,tadSyncid0id5.xml,Template2,PASSED,4,4,8
tadSyncid0id5.xml,tadSyncid2id4.xml,Template4,FAILED,4,3,8
tadSyncid2id4.xml,tadSyncid5id2.xml,Template3,FAILED,3,1,8
tadSyncid5id2.xml,tadSyncid2id4.xml,Template3,FAILED,3,1,6
tadSyncid2id4.xml,tmi11.xml,Template1,PASSED,2,2,6
tmi11.xml,tadSyncid2id4.xml,Template3,FAILED,4,3,7
cxs1.xml,smiTemplateid4.xml,template,TIMEOUT,0,0,0
smiTemplateid4.xml,cxs1.xml,Template4,FAILED,4,2,6
cxs1.xml,tadSyncid0id0.xml,Template12,FAILED,12,1,5
tadSyncid0id0.xml,cxs1.xml,Template1,PASSED,4,4,7
cxs1.xml,tadSyncid3id0.xml,Template1,FAILED,13,1,5
tadSyncid3id0.xml,cxs1.xml,Template3,PASSED,5,5,6
cxs1.xml,tmi4.xml,Template1,FAILED,8,1,6
tmi4.xml,cxs1.xml,Template2,PASSED,4,4,7
cxs1.xml,tadSyncid0id3.xml,Template7,FAILED,13,1,5
tadSyncid0id3.xml,cxs1.xml,Template1,PASSED,5,5,7
cxs1.xml,tadSyncid0id4.xml,Template10,FAILED,12,1,6
tadSyncid0id4.xml,cxs1.xml,Template2,PASSED,4,4,8
cxs1.xml,tadSyncid3id2.xml,Template4,FAILED,13,1,6
tadSyncid3id2.xml,cxs1.xml,Template5,PASSED,5,5,6
cxs1.xml,tadSyncid5id0.xml,Template6,FAILED,12,1,6
tadSyncid5id0.xml,cxs1.xml,Template4,PASSED,4,4,7
cxs1.xml,tadSyncid3id1.xml,Template2,FAILED,13,1,5
tadSyncid3id1.xml,cxs1.xml,Template2,PASSED,5,5,8
cxs1.xml,tadSyncid1id4.xml,Template1,FAILED,12,1,5
tadSyncid1id4.xml,cxs1.xml,Template2,PASSED,4,4,8
cxs1.xml,tadSyncid2id3.xml,Template9,FAILED,13,1,5
tadSyncid2id3.xml,cxs1.xml,Template1,PASSED,5,5,7
cxs1.xml,tadSyncid5id3.xml,Template5,FAILED,13,1,5
tadSyncid5id3.xml,cxs1.xml,Template5,PASSED,5,5,6
cxs1.xml,tmi13.xml,template,TIMEOUT,0,0,0
tmi13.xml,cxs1.xml,Template3,FAILED,4,1,7
cxs1.xml,tadSyncid5id1.xml,Template2,FAILED,12,1,6
tadSyncid5id1.xml,cxs1.xml,Template3,PASSED,4,4,6
cxs1.xml,tmi6.xml,Template9,FAILED,11,1,5
tmi6.xml,cxs1.xml,Template4,PASSED,4,4,7
cxs1.xml,tadSyncid5id5.xml,Template9,FAILED,12,1,6
tadSyncid5id5.xml,cxs1.xml,Template4,PASSED,4,4,7
cxs1.xml,ccn1.xml,Template4,FAILED,11,1,5
ccn1.xml,cxs1.xml,Template4,PASSED,4,4,8
cxs1.xml,cxs2.xml,Template1,FAILED,1,1,5
cxs2.xml,cxs1.xml,Template2,FAILED,2,1,7
cxs1.xml,tadSyncid2id1.xml,Template1,FAILED,12,1,6
tadSyncid2id1.xml,cxs1.xml,Template2,PASSED,4,4,5
cxs1.xml,tadSyncid4id4.xml,Template9,FAILED,12,1,5
tadSyncid4id4.xml,cxs1.xml,Template2,PASSED,4,4,7
cxs1.xml,tmi2.xml,Template9,FAILED,12,1,5
tmi2.xml,cxs1.xml,Template1,PASSED,6,6,6
cxs1.xml,tadSyncid1id0.xml,Template10,FAILED,12,1,5
tadSyncid1id0.xml,cxs1.xml,Template1,PASSED,4,4,7
cxs1.xml,tadSyncid0id2.xml,Template8,FAILED,12,1,5
tadSyncid0id2.xml,cxs1.xml,Template3,PASSED,4,4,7
cxs1.xml,tadSyncid4id3.xml,Template6,FAILED,13,1,6
tadSyncid4id3.xml,cxs1.xml,Template1,PASSED,5,5,6
cxs1.xml,tadSyncid1id5.xml,Template1,FAILED,12,1,6
tadSyncid1id5.xml,cxs1.xml,Template1,PASSED,4,4,6
cxs1.xml,tadSyncid2id0.xml,Template2,FAILED,12,1,6
tadSyncid2id0.xml,cxs1.xml,Template2,PASSED,4,4,8
cxs1.xml,tmi12.xml,Template1,FAILED,10,1,5
tmi12.xml,cxs1.xml,Template1,PASSED,4,4,7
cxs1.xml,smiTemplateid1.xml,Template1,FAILED,8,1,6
smiTemplateid1.xml,cxs1.xml,Template3,FAILED,5,3,8
cxs1.xml,tmi10.xml,Template7,FAILED,10,1,5
tmi10.xml,cxs1.xml,Template3,PASSED,4,4,6
cxs1.xml,tadSyncid3id3.xml,Template8,FAILED,13,1,4
tadSyncid3id3.xml,cxs1.xml,Template4,PASSED,5,5,7
cxs1.xml,tadSyncid0id5.xml,Template3,FAILED,12,1,5
tadSyncid0id5.xml,cxs1.xml,Template1,PASSED,4,4,6
cxs1.xml,tadSyncid5id2.xml,Template2,FAILED,12,1,6
tadSyncid5id2.xml,cxs1.xml,Template4,PASSED,4,4,6
cxs1.xml,tmi11.xml,Template1,FAILED,10,1,6
tmi11.xml,cxs1.xml,Template2,PASSED,4,4,7
smiTemplateid4.xml,tadSyncid0id0.xml,Template7,FAILED,8,3,7
tadSyncid0id0.xml,smiTemplateid4.xml,template,TIMEOUT,0,0,0
smiTemplateid4.xml,tadSyncid3id0.xml,Template9,FAILED,9,3,6
tadSyncid3id0.xml,smiTemplateid4.xml,template,TIMEOUT,0,0,0
smiTemplateid4.xml,tmi4.xml,Template2,FAILED,7,7,6
tmi4.xml,smiTemplateid4.xml,template,TIMEOUT,0,0,0
smiTemplateid4.xml,tadSyncid0id3.xml,Template2,FAILED,9,6,6
tadSyncid0id3.xml,smiTemplateid4.xml,template,TIMEOUT,0,0,0
smiTemplateid4.xml,tadSyncid0id4.xml,Template2,FAILED,8,4,5
tadSyncid0id4.xml,smiTemplateid4.xml,template,TIMEOUT,0,0,0
smiTemplateid4.xml,tadSyncid3id2.xml,Template1,FAILED,9,2,5
tadSyncid3id2.xml,smiTemplateid4.xml,template,TIMEOUT,0,0,0
smiTemplateid4.xml,tadSyncid5id0.xml,Template2,FAILED,8,3,7
tadSyncid5id0.xml,smiTemplateid4.xml,template,TIMEOUT,0,0,0
smiTemplateid4.xml,tadSyncid3id1.xml,Template10,FAILED,10,1,7
tadSyncid3id1.xml,smiTemplateid4.xml,template,TIMEOUT,0,0,0
smiTemplateid4.xml,tadSyncid1id4.xml,Template2,FAILED,9,7,6
tadSyncid1id4.xml,smiTemplateid4.xml,template,TIMEOUT,0,0,0
smiTemplateid4.xml,tadSyncid2id3.xml,Template3,FAILED,9,1,7
tadSyncid2id3.xml,smiTemplateid4.xml,template,TIMEOUT,0,0,0
smiTemplateid4.xml,tadSyncid5id3.xml,Template1,FAILED,9,1,7
tadSyncid5id3.xml,smiTemplateid4.xml,template,TIMEOUT,0,0,0
smiTemplateid4.xml,tmi13.xml,template,TIMEOUT,0,0,0
tmi13.xml,smiTemplateid4.xml,template,TIMEOUT,0,0,0
smiTemplateid4.xml,tadSyncid5id1.xml,Template9,FAILED,9,2,6
tadSyncid5id1.xml,smiTemplateid4.xml,template,TIMEOUT,0,0,0
smiTemplateid4.xml,tmi6.xml,Template2,FAILED,7,3,9
tmi6.xml,smiTemplateid4.xml,template,TIMEOUT,0,0,0
smiTemplateid4.xml,tadSyncid5id5.xml,Template7,FAILED,8,1,7
tadSyncid5id5.xml,smiTemplateid4.xml,template,TIMEOUT,0,0,0
smiTemplateid4.xml,ccn1.xml,Template1,FAILED,7,6,6
ccn1.xml,smiTemplateid4.xml,template,TIMEOUT,0,0,0
smiTemplateid4.xml,cxs2.xml,Template1,FAILED,4,3,7
cxs2.xml,smiTemplateid4.xml,template,TIMEOUT,0,0,0
smiTemplateid4.xml,tadSyncid2id1.xml,Template9,FAILED,9,1,6
tadSyncid2id1.xml,smiTemplateid4.xml,template,TIMEOUT,0,0,0
smiTemplateid4.xml,tadSyncid4id4.xml,Template7,FAILED,8,4,6
tadSyncid4id4.xml,smiTemplateid4.xml,template,TIMEOUT,0,0,0
smiTemplateid4.xml,tmi2.xml,Template2,FAILED,8,4,6
tmi2.xml,smiTemplateid4.xml,template,TIMEOUT,0,0,0
smiTemplateid4.xml,tadSyncid1id0.xml,Template9,FAILED,9,1,9
tadSyncid1id0.xml,smiTemplateid4.xml,template,TIMEOUT,0,0,0
smiTemplateid4.xml,tadSyncid0id2.xml,Template2,FAILED,8,1,5
tadSyncid0id2.xml,smiTemplateid4.xml,template,TIMEOUT,0,0,0
smiTemplateid4.xml,tadSyncid4id3.xml,Template3,FAILED,9,2,6
tadSyncid4id3.xml,smiTemplateid4.xml,template,TIMEOUT,0,0,0
smiTemplateid4.xml,tadSyncid1id5.xml,Template9,FAILED,9,2,7
tadSyncid1id5.xml,smiTemplateid4.xml,template,TIMEOUT,0,0,0
smiTemplateid4.xml,tadSyncid2id0.xml,Template8,FAILED,8,1,7
tadSyncid2id0.xml,smiTemplateid4.xml,template,TIMEOUT,0,0,0
smiTemplateid4.xml,tmi12.xml,Template1,FAILED,6,1,7
tmi12.xml,smiTemplateid4.xml,template,TIMEOUT,0,0,0
smiTemplateid4.xml,smiTemplateid1.xml,Template2,FAILED,7,2,6
smiTemplateid1.xml,smiTemplateid4.xml,template,TIMEOUT,0,0,0
smiTemplateid4.xml,tmi10.xml,Template1,FAILED,6,1,6
tmi10.xml,smiTemplateid4.xml,template,TIMEOUT,0,0,0
smiTemplateid4.xml,tadSyncid3id3.xml,Template2,FAILED,9,1,7
tadSyncid3id3.xml,smiTemplateid4.xml,template,TIMEOUT,0,0,0
smiTemplateid4.xml,tadSyncid0id5.xml,Template7,FAILED,8,1,7
tadSyncid0id5.xml,smiTemplateid4.xml,template,TIMEOUT,0,0,0
smiTemplateid4.xml,tadSyncid5id2.xml,Template8,FAILED,8,1,8
tadSyncid5id2.xml,smiTemplateid4.xml,template,TIMEOUT,0,0,0
smiTemplateid4.xml,tmi11.xml,Template1,FAILED,6,6,5
tmi11.xml,smiTemplateid4.xml,template,TIMEOUT,0,0,0
tadSyncid0id0.xml,tadSyncid3id0.xml,Template2,PASSED,2,2,7
tadSyncid3id0.xml,tadSyncid0id0.xml,Template2,PASSED,2,2,8
tadSyncid0id0.xml,tmi4.xml,Template1,PASSED,1,1,6
tmi4.xml,tadSyncid0id0.xml,Template3,FAILED,4,2,7
tadSyncid0id0.xml,tadSyncid0id3.xml,Template1,PASSED,3,3,6
tadSyncid0id3.xml,tadSyncid0id0.xml,Template2,PASSED,3,3,6
tadSyncid0id0.xml,tadSyncid0id4.xml,Template1,PASSED,3,3,6
tadSyncid0id4.xml,tadSyncid0id0.xml,Template1,PASSED,3,3,5
tadSyncid0id0.xml,tadSyncid3id2.xml,Template4,FAILED,4,2,7
tadSyncid3id2.xml,tadSyncid0id0.xml,Template4,FAILED,4,1,7
tadSyncid0id0.xml,tadSyncid5id0.xml,Template2,FAILED,2,2,11
tadSyncid5id0.xml,tadSyncid0id0.xml,Template2,PASSED,2,2,8
tadSyncid0id0.xml,tadSyncid3id1.xml,Template4,FAILED,4,4,8
tadSyncid3id1.xml,tadSyncid0id0.xml,Template4,FAILED,4,1,8
tadSyncid0id0.xml,tadSyncid1id4.xml,Template4,FAILED,4,2,6
tadSyncid1id4.xml,tadSyncid0id0.xml,Template4,FAILED,4,1,9
tadSyncid0id0.xml,tadSyncid2id3.xml,Template4,FAILED,4,3,6
tadSyncid2id3.xml,tadSyncid0id0.xml,Template2,PASSED,4,4,7
tadSyncid0id0.xml,tadSyncid5id3.xml,Template3,FAILED,3,2,7
tadSyncid5id3.xml,tadSyncid0id0.xml,Template2,PASSED,3,3,7
tadSyncid0id0.xml,tmi13.xml,template,TIMEOUT,0,0,0
tmi13.xml,tadSyncid0id0.xml,Template3,FAILED,3,2,6
tadSyncid0id0.xml,tadSyncid5id1.xml,Template3,FAILED,3,1,8
tadSyncid5id1.xml,tadSyncid0id0.xml,Template1,PASSED,3,3,9
tadSyncid0id0.xml,tmi6.xml,Template2,PASSED,2,2,6
tmi6.xml,tadSyncid0id0.xml,Template3,FAILED,3,2,6
tadSyncid0id0.xml,tadSyncid5id5.xml,Template1,PASSED,2,2,6
tadSyncid5id5.xml,tadSyncid0id0.xml,Template2,PASSED,2,2,7
tadSyncid0id0.xml,ccn1.xml,Template1,PASSED,1,1,7
ccn1.xml,tadSyncid0id0.xml,Template2,FAILED,2,2,7
tadSyncid0id0.xml,cxs2.xml,Template3,PASSED,4,4,7
cxs2.xml,tadSyncid0id0.xml,Template10,FAILED,12,1,6
tadSyncid0id0.xml,tadSyncid2id1.xml,Template4,FAILED,4,3,7
tadSyncid2id1.xml,tadSyncid0id0.xml,Template1,PASSED,4,4,6
tadSyncid0id0.xml,tadSyncid4id4.xml,Template3,FAILED,3,1,7
tadSyncid4id4.xml,tadSyncid0id0.xml,Template3,PASSED,3,3,8
tadSyncid0id0.xml,tmi2.xml,Template1,PASSED,2,2,6
tmi2.xml,tadSyncid0id0.xml,Template4,FAILED,4,4,6
tadSyncid0id0.xml,tadSyncid1id0.xml,Template3,FAILED,3,3,7
tadSyncid1id0.xml,tadSyncid0id0.xml,Template3,FAILED,3,1,7
tadSyncid0id0.xml,tadSyncid0id2.xml,Template3,PASSED,3,3,6
tadSyncid0id2.xml,tadSyncid0id0.xml,Template3,PASSED,3,3,7
tadSyncid0id0.xml,tadSyncid4id3.xml,Template2,FAILED,4,2,7
tadSyncid4id3.xml,tadSyncid0id0.xml,Template4,PASSED,4,4,6
tadSyncid0id0.xml,tadSyncid1id5.xml,Template3,FAILED,3,3,7
tadSyncid1id5.xml,tadSyncid0id0.xml,Template3,FAILED,3,2,7
tadSyncid0id0.xml,tadSyncid2id0.xml,Template3,FAILED,3,1,7
tadSyncid2id0.xml,tadSyncid0id0.xml,Template2,PASSED,3,3,5
tadSyncid0id0.xml,tmi12.xml,Template2,PASSED,2,2,5
tmi12.xml,tadSyncid0id0.xml,Template4,FAILED,4,4,7
tadSyncid0id0.xml,smiTemplateid1.xml,Template1,PASSED,1,1,7
smiTemplateid1.xml,tadSyncid0id0.xml,Template3,FAILED,6,2,6
tadSyncid0id0.xml,tmi10.xml,Template1,PASSED,2,2,7
tmi10.xml,tadSyncid0id0.xml,Template4,FAILED,4,2,8
tadSyncid0id0.xml,tadSyncid3id3.xml,Template3,FAILED,3,2,6
tadSyncid3id3.xml,tadSyncid0id0.xml,Template3,FAILED,3,1,6
tadSyncid0id0.xml,tadSyncid0id5.xml,Template1,PASSED,2,2,6
tadSyncid0id5.xml,tadSyncid0id0.xml,Template1,PASSED,2,2,7
tadSyncid0id0.xml,tadSyncid5id2.xml,Template3,FAILED,3,3,6
tadSyncid5id2.xml,tadSyncid0id0.xml,Template3,PASSED,3,3,6
tadSyncid0id0.xml,tmi11.xml,Template2,PASSED,2,2,7
tmi11.xml,tadSyncid0id0.xml,Template3,FAILED,4,2,9
tadSyncid3id0.xml,tmi4.xml,Template1,PASSED,1,1,7
tmi4.xml,tadSyncid3id0.xml,Template4,FAILED,5,3,5
tadSyncid3id0.xml,tadSyncid0id3.xml,Template2,FAILED,3,1,7
tadSyncid0id3.xml,tadSyncid3id0.xml,Template3,FAILED,3,1,7
tadSyncid3id0.xml,tadSyncid0id4.xml,Template4,FAILED,4,3,6
tadSyncid0id4.xml,tadSyncid3id0.xml,Template4,FAILED,4,2,6
tadSyncid3id0.xml,tadSyncid3id2.xml,Template1,PASSED,4,4,8
tadSyncid3id2.xml,tadSyncid3id0.xml,Template4,PASSED,4,4,6
tadSyncid3id0.xml,tadSyncid5id0.xml,Template3,FAILED,3,2,5
tadSyncid5id0.xml,tadSyncid3id0.xml,Template3,PASSED,3,3,7
tadSyncid3id0.xml,tadSyncid3id1.xml,Template4,PASSED,4,4,7
tadSyncid3id1.xml,tadSyncid3id0.xml,Template4,PASSED,4,4,8
tadSyncid3id0.xml,tadSyncid1id4.xml,Template5,FAILED,5,1,8
tadSyncid1id4.xml,tadSyncid3id0.xml,Template5,FAILED,5,1,6
tadSyncid3id0.xml,tadSyncid2id3.xml,Template3,FAILED,4,3,6
tadSyncid2id3.xml,tadSyncid3id0.xml,Template4,FAILED,4,1,10
tadSyncid3id0.xml,tadSyncid5id3.xml,Template3,FAILED,3,1,7
tadSyncid5id3.xml,tadSyncid3id0.xml,Template3,PASSED,3,3,6
tadSyncid3id0.xml,tmi13.xml,template,TIMEOUT,0,0,0
tmi13.xml,tadSyncid3id0.xml,Template1,FAILED,4,1,7
tadSyncid3id0.xml,tadSyncid5id1.xml,Template2,FAILED,4,2,7
tadSyncid5id1.xml,tadSyncid3id0.xml,Template2,PASSED,4,4,6
tadSyncid3id0.xml,tmi6.xml,Template3,PASSED,3,3,6
tmi6.xml,tadSyncid3id0.xml,Template4,FAILED,4,1,8
tadSyncid3id0.xml,tadSyncid5id5.xml,Template3,FAILED,3,1,7
tadSyncid5id5.xml,tadSyncid3id0.xml,Template1,PASSED,3,3,6
tadSyncid3id0.xml,ccn1.xml,Template2,PASSED,2,2,7
ccn1.xml,tadSyncid3id0.xml,Template3,FAILED,3,3,7
tadSyncid3id0.xml,cxs2.xml,Template5,PASSED,5,5,8
cxs2.xml,tadSyncid3id0.xml,Template4,FAILED,13,1,6
tadSyncid3id0.xml,tadSyncid2id1.xml,Template5,FAILED,5,3,6
tadSyncid2id1.xml,tadSyncid3id0.xml,Template5,FAILED,5,1,8
tadSyncid3id0.xml,tadSyncid4id4.xml,Template4,FAILED,4,4,7
tadSyncid4id4.xml,tadSyncid3id0.xml,Template4,FAILED,4,2,7
tadSyncid3id0.xml,tmi2.xml,Template1,PASSED,2,2,6
tmi2.xml,tadSyncid3id0.xml,Template4,FAILED,4,3,6
tadSyncid3id0.xml,tadSyncid1id0.xml,Template4,FAILED,4,4,6
tadSyncid1id0.xml,tadSyncid3id0.xml,Template4,FAILED,4,3,6
tadSyncid3id0.xml,tadSyncid0id2.xml,Template4,FAILED,4,4,9
tadSyncid0id2.xml,tadSyncid3id0.xml,Template4,FAILED,4,1,7
tadSyncid3id0.xml,tadSyncid4id3.xml,Template4,FAILED,4,1,8
tadSyncid4id3.xml,tadSyncid3id0.xml,Template4,FAILED,4,4,7
tadSyncid3id0.xml,tadSyncid1id5.xml,Template4,FAILED,4,1,6
tadSyncid1id5.xml,tadSyncid3id0.xml,Template4,FAILED,4,1,7
tadSyncid3id0.xml,tadSyncid2id0.xml,Template4,FAILED,4,4,7
tadSyncid2id0.xml,tadSyncid3id0.xml,Template4,FAILED,4,2,6
tadSyncid3id0.xml,tmi12.xml,Template3,PASSED,3,3,7
tmi12.xml,tadSyncid3id0.xml,Template5,FAILED,5,4,7
tadSyncid3id0.xml,smiTemplateid1.xml,Template1,PASSED,1,1,9
smiTemplateid1.xml,tadSyncid3id0.xml,Template5,FAILED,6,2,7
tadSyncid3id0.xml,tmi10.xml,Template3,PASSED,3,3,7
tmi10.xml,tadSyncid3id0.xml,Template5,FAILED,5,1,6
tadSyncid3id0.xml,tadSyncid3id3.xml,Template2,PASSED,3,3,7
tadSyncid3id3.xml,tadSyncid3id0.xml,Template3,PASSED,3,3,7
tadSyncid3id0.xml,tadSyncid0id5.xml,Template3,FAILED,3,2,7
tadSyncid0id5.xml,tadSyncid3id0.xml,Template3,FAILED,3,2,7
tadSyncid3id0.xml,tadSyncid5id2.xml,Template2,FAILED,4,2,7
tadSyncid5id2.xml,tadSyncid3id0.xml,Template4,PASSED,4,4,7
tadSyncid3id0.xml,tmi11.xml,Template3,PASSED,3,3,7
tmi11.xml,tadSyncid3id0.xml,Template5,FAILED,5,1,9
tmi4.xml,tadSyncid0id3.xml,Template3,FAILED,5,2,8
tadSyncid0id3.xml,tmi4.xml,Template1,PASSED,1,1,9
tmi4.xml,tadSyncid0id4.xml,Template4,FAILED,5,2,7
tadSyncid0id4.xml,tmi4.xml,Template2,PASSED,2,2,7
tmi4.xml,tadSyncid3id2.xml,Template1,FAILED,6,4,6
tadSyncid3id2.xml,tmi4.xml,Template2,PASSED,2,2,7
tmi4.xml,tadSyncid5id0.xml,Template3,FAILED,4,1,7
tadSyncid5id0.xml,tmi4.xml,Template1,PASSED,1,1,6
tmi4.xml,tadSyncid3id1.xml,Template5,FAILED,5,1,7
tadSyncid3id1.xml,tmi4.xml,Template1,PASSED,1,1,8
tmi4.xml,tadSyncid1id4.xml,Template4,FAILED,5,4,6
tadSyncid1id4.xml,tmi4.xml,Template1,PASSED,2,2,6
tmi4.xml,tadSyncid2id3.xml,Template5,FAILED,6,3,7
tadSyncid2id3.xml,tmi4.xml,Template2,PASSED,2,2,6
tmi4.xml,tadSyncid5id3.xml,Template3,FAILED,5,3,9
tadSyncid5id3.xml,tmi4.xml,Template1,PASSED,1,1,6
tmi4.xml,tmi13.xml,template,TIMEOUT,0,0,0
tmi13.xml,tmi4.xml,Template1,PASSED,2,2,6
tmi4.xml,tadSyncid5id1.xml,Template2,FAILED,4,2,7
tadSyncid5id1.xml,tmi4.xml,Template1,PASSED,1,1,8
tmi4.xml,tmi6.xml,Template1,PASSED,4,4,6
tmi6.xml,tmi4.xml,Template2,PASSED,2,2,6
tmi4.xml,tadSyncid5id5.xml,Template3,FAILED,4,3,6
tadSyncid5id5.xml,tmi4.xml,Template1,PASSED,1,1,7
tmi4.xml,ccn1.xml,Template2,PASSED,3,3,6
ccn1.xml,tmi4.xml,Template1,PASSED,1,1,6
tmi4.xml,cxs2.xml,Template4,PASSED,4,4,6
cxs2.xml,tmi4.xml,Template4,FAILED,8,1,5
tmi4.xml,tadSyncid2id1.xml,Template5,FAILED,5,5,6
tadSyncid2id1.xml,tmi4.xml,Template2,PASSED,2,2,10
tmi4.xml,tadSyncid4id4.xml,Template4,FAILED,5,5,7
tadSyncid4id4.xml,tmi4.xml,Template1,PASSED,2,2,9
tmi4.xml,tmi2.xml,Template2,FAILED,4,1,6
tmi2.xml,tmi4.xml,Template1,PASSED,1,1,7
tmi4.xml,tadSyncid1id0.xml,Template4,FAILED,4,2,6
tadSyncid1id0.xml,tmi4.xml,Template1,PASSED,1,1,6
tmi4.xml,tadSyncid0id2.xml,Template4,FAILED,5,2,7
tadSyncid0id2.xml,tmi4.xml,Template1,PASSED,2,2,7
tmi4.xml,tadSyncid4id3.xml,Template5,FAILED,6,1,5
tadSyncid4id3.xml,tmi4.xml,Template1,PASSED,2,2,7
tmi4.xml,tadSyncid1id5.xml,Template3,FAILED,4,3,7
tadSyncid1id5.xml,tmi4.xml,Template1,PASSED,1,1,6
tmi4.xml,tadSyncid2id0.xml,Template5,FAILED,5,4,7
tadSyncid2id0.xml,tmi4.xml,Template2,PASSED,2,2,6
tmi4.xml,tmi12.xml,Template4,PASSED,4,4,6
tmi12.xml,tmi4.xml,Template1,PASSED,3,3,8
tmi4.xml,smiTemplateid1.xml,template,TIMEOUT,0,0,0
smiTemplateid1.xml,tmi4.xml,template,TIMEOUT,0,0,0
tmi4.xml,tmi10.xml,Template3,PASSED,4,4,11
tmi10.xml,tmi4.xml,Template1,PASSED,3,3,7
tmi4.xml,tadSyncid3id3.xml,Template2,FAILED,5,2,7
tadSyncid3id3.xml,tmi4.xml,Template1,PASSED,1,1,7
tmi4.xml,tadSyncid0id5.xml,Template3,FAILED,4,3,7
tadSyncid0id5.xml,tmi4.xml,Template1,PASSED,1,1,7
tmi4.xml,tadSyncid5id2.xml,Template5,FAILED,5,1,7
tadSyncid5id2.xml,tmi4.xml,Template1,PASSED,2,2,5
tmi4.xml,tmi11.xml,Template2,PASSED,4,4,7
tmi11.xml,tmi4.xml,Template2,PASSED,3,3,9
tadSyncid0id3.xml,tadSyncid0id4.xml,Template1,PASSED,4,4,6
tadSyncid0id4.xml,tadSyncid0id3.xml,Template4,PASSED,4,4,7
tadSyncid0id3.xml,tadSyncid3id2.xml,Template4,FAILED,4,1,8
tadSyncid3id2.xml,tadSyncid0id3.xml,Template4,FAILED,4,1,6
tadSyncid0id3.xml,tadSyncid5id0.xml,Template3,FAILED,3,2,6
tadSyncid5id0.xml,tadSyncid0id3.xml,Template1,PASSED,3,3,7
tadSyncid0id3.xml,tadSyncid3id1.xml,Template4,FAILED,4,2,6
tadSyncid3id1.xml,tadSyncid0id3.xml,Template4,FAILED,4,3,5
tadSyncid0id3.xml,tadSyncid1id4.xml,Template5,FAILED,5,1,7
tadSyncid1id4.xml,tadSyncid0id3.xml,Template3,FAILED,5,1,7
tadSyncid0id3.xml,tadSyncid2id3.xml,Template4,FAILED,4,2,6
tadSyncid2id3.xml,tadSyncid0id3.xml,Template1,PASSED,4,4,6
tadSyncid0id3.xml,tadSyncid5id3.xml,Template3,FAILED,3,1,7
tadSyncid5id3.xml,tadSyncid0id3.xml,Template1,PASSED,3,3,7
tadSyncid0id3.xml,tmi13.xml,template,TIMEOUT,0,0,0
tmi13.xml,tadSyncid0id3.xml,Template4,FAILED,4,1,6
tadSyncid0id3.xml,tadSyncid5id1.xml,Template3,FAILED,4,1,7
tadSyncid5id1.xml,tadSyncid0id3.xml,Template1,PASSED,4,4,6
tadSyncid0id3.xml,tmi6.xml,Template3,PASSED,3,3,7
tmi6.xml,tadSyncid0id3.xml,Template4,FAILED,4,3,7
tadSyncid0id3.xml,tadSyncid5id5.xml,Template2,PASSED,3,3,8
tadSyncid5id5.xml,tadSyncid0id3.xml,Template3,PASSED,3,3,6
tadSyncid0id3.xml,ccn1.xml,Template2,PASSED,2,2,7
ccn1.xml,tadSyncid0id3.xml,Template2,FAILED,3,2,7
tadSyncid0id3.xml,cxs2.xml,Template1,PASSED,5,5,7
cxs2.xml,tadSyncid0id3.xml,Template10,FAILED,13,1,6
tadSyncid0id3.xml,tadSyncid2id1.xml,Template5,FAILED,5,2,6
tadSyncid2id1.xml,tadSyncid0id3.xml,Template3,PASSED,5,5,7
tadSyncid0id3.xml,tadSyncid4id4.xml,Template4,FAILED,4,4,7
tadSyncid4id4.xml,tadSyncid0id3.xml,Template2,PASSED,4,4,6
tadSyncid0id3.xml,tmi2.xml,Template2,PASSED,2,2,6
tmi2.xml,tadSyncid0id3.xml,Template4,FAILED,4,2,6
tadSyncid0id3.xml,tadSyncid1id0.xml,Template4,FAILED,4,1,8
tadSyncid1id0.xml,tadSyncid0id3.xml,Template4,FAILED,4,1,6
tadSyncid0id3.xml,tadSyncid0id2.xml,Template3,PASSED,4,4,6
tadSyncid0id2.xml,tadSyncid0id3.xml,Template2,PASSED,4,4,6
tadSyncid0id3.xml,tadSyncid4id3.xml,Template3,FAILED,4,2,6
tadSyncid4id3.xml,tadSyncid0id3.xml,Template1,PASSED,4,4,7
tadSyncid0id3.xml,tadSyncid1id5.xml,Template4,FAILED,4,3,6
tadSyncid1id5.xml,tadSyncid0id3.xml,Template3,FAILED,4,1,6
tadSyncid0id3.xml,tadSyncid2id0.xml,Template4,FAILED,4,4,7
tadSyncid2id0.xml,tadSyncid0id3.xml,Template1,PASSED,4,4,9
tadSyncid0id3.xml,tmi12.xml,Template1,PASSED,3,3,6
tmi12.xml,tadSyncid0id3.xml,Template5,FAILED,5,2,6
tadSyncid0id3.xml,smiTemplateid1.xml,Template1,PASSED,1,1,7
smiTemplateid1.xml,tadSyncid0id3.xml,Template6,FAILED,6,1,6
tadSyncid0id3.xml,tmi10.xml,Template1,PASSED,3,3,6
tmi10.xml,tadSyncid0id3.xml,Template2,FAILED,5,2,8
tadSyncid0id3.xml,tadSyncid3id3.xml,Template3,FAILED,3,3,6
tadSyncid3id3.xml,tadSyncid0id3.xml,Template3,FAILED,3,1,7
tadSyncid0id3.xml,tadSyncid0id5.xml,Template2,PASSED,3,3,7
tadSyncid0id5.xml,tadSyncid0id3.xml,Template2,PASSED,3,3,7
tadSyncid0id3.xml,tadSyncid5id2.xml,Template4,FAILED,4,2,7
tadSyncid5id2.xml,tadSyncid0id3.xml,Template1,PASSED,4,4,7
tadSyncid0id3.xml,tmi11.xml,Template3,PASSED,3,3,7
tmi11.xml,tadSyncid0id3.xml,Template5,FAILED,5,1,6
tadSyncid0id4.xml,tadSyncid3id2.xml,Template5,FAILED,5,1,7
tadSyncid3id2.xml,tadSyncid0id4.xml,Template5,FAILED,5,3,7
tadSyncid0id4.xml,tadSyncid5id0.xml,Template3,FAILED,3,3,7
tadSyncid5id0.xml,tadSyncid0id4.xml,Template3,PASSED,3,3,6
tadSyncid0id4.xml,tadSyncid3id1.xml,Template5,FAILED,5,2,8
tadSyncid3id1.xml,tadSyncid0id4.xml,Template5,FAILED,5,4,6
tadSyncid0id4.xml,tadSyncid1id4.xml,Template4,FAILED,4,1,8
tadSyncid1id4.xml,tadSyncid0id4.xml,Template4,FAILED,4,4,6
tadSyncid0id4.xml,tadSyncid2id3.xml,Template5,FAILED,5,1,7
tadSyncid2id3.xml,tadSyncid0id4.xml,Template5,PASSED,5,5,7
tadSyncid0id4.xml,tadSyncid5id3.xml,Template4,FAILED,4,1,7
tadSyncid5id3.xml,tadSyncid0id4.xml,Template4,PASSED,4,4,6
tadSyncid0id4.xml,tmi13.xml,template,TIMEOUT,0,0,0
tmi13.xml,tadSyncid0id4.xml,Template3,FAILED,3,1,7
tadSyncid0id4.xml,tadSyncid5id1.xml,Template4,FAILED,4,1,7
tadSyncid5id1.xml,tadSyncid0id4.xml,Template2,PASSED,4,4,7
tadSyncid0id4.xml,tmi6.xml,Template3,PASSED,3,3,6
tmi6.xml,tadSyncid0id4.xml,Template4,FAILED,4,3,6
tadSyncid0id4.xml,tadSyncid5id5.xml,Template1,PASSED,3,3,7
tadSyncid5id5.xml,tadSyncid0id4.xml,Template3,PASSED,3,3,7
tadSyncid0id4.xml,ccn1.xml,Template1,PASSED,2,2,6
ccn1.xml,tadSyncid0id4.xml,Template3,FAILED,3,3,6
tadSyncid0id4.xml,cxs2.xml,Template4,PASSED,4,4,6
cxs2.xml,tadSyncid0id4.xml,Template2,FAILED,12,1,5
tadSyncid0id4.xml,tadSyncid2id1.xml,Template5,FAILED,5,3,7
tadSyncid2id1.xml,tadSyncid0id4.xml,Template5,PASSED,5,5,6
tadSyncid0id4.xml,tadSyncid4id4.xml,Template3,FAILED,3,3,7
tadSyncid4id4.xml,tadSyncid0id4.xml,Template2,PASSED,3,3,7
tadSyncid0id4.xml,tmi2.xml,Template1,PASSED,3,3,6
tmi2.xml,tadSyncid0id4.xml,Template5,FAILED,5,2,7
tadSyncid0id4.xml,tadSyncid1id0.xml,Template4,FAILED,4,2,7
tadSyncid1id0.xml,tadSyncid0id4.xml,Template4,FAILED,4,1,6
tadSyncid0id4.xml,tadSyncid0id2.xml,Template1,PASSED,4,4,6
tadSyncid0id2.xml,tadSyncid0id4.xml,Template1,PASSED,4,4,6
tadSyncid0id4.xml,tadSyncid4id3.xml,Template2,FAILED,4,2,6
tadSyncid4id3.xml,tadSyncid0id4.xml,Template3,PASSED,4,4,6
tadSyncid0id4.xml,tadSyncid1id5.xml,Template4,FAILED,4,2,7
tadSyncid1id5.xml,tadSyncid0id4.xml,Template4,FAILED,4,4,8
tadSyncid0id4.xml,tadSyncid2id0.xml,Template4,FAILED,4,1,6
tadSyncid2id0.xml,tadSyncid0id4.xml,Template4,PASSED,4,4,8
tadSyncid0id4.xml,tmi12.xml,Template2,PASSED,2,2,7
tmi12.xml,tadSyncid0id4.xml,Template4,FAILED,4,1,7
tadSyncid0id4.xml,smiTemplateid1.xml,Template2,PASSED,2,2,7
smiTemplateid1.xml,tadSyncid0id4.xml,Template3,FAILED,7,3,6
tadSyncid0id4.xml,tmi10.xml,Template2,PASSED,2,2,6
tmi10.xml,tadSyncid0id4.xml,Template4,FAILED,4,3,7
tadSyncid0id4.xml,tadSyncid3id3.xml,Template4,FAILED,4,4,8
tadSyncid3id3.xml,tadSyncid0id4.xml,Template4,FAILED,4,2,8
tadSyncid0id4.xml,tadSyncid0id5.xml,Template3,PASSED,3,3,7
tadSyncid0id5.xml,tadSyncid0id4.xml,Template1,PASSED,3,3,9
tadSyncid0id4.xml,tadSyncid5id2.xml,Template4,FAILED,4,1,7
tadSyncid5id2.xml,tadSyncid0id4.xml,Template4,PASSED,4,4,7
tadSyncid0id4.xml,tmi11.xml,Template1,PASSED,2,2,7
tmi11.xml,tadSyncid0id4.xml,Template3,FAILED,4,3,7
tadSyncid3id2.xml,tadSyncid5id0.xml,Template4,FAILED,4,1,6
tadSyncid5id0.xml,tadSyncid3id2.xml,Template1,PASSED,4,4,7
tadSyncid3id2.xml,tadSyncid3id1.xml,Template3,PASSED,4,4,7
tadSyncid3id1.xml,tadSyncid3id2.xml,Template3,PASSED,4,4,5
tadSyncid3id2.xml,tadSyncid1id4.xml,Template5,FAILED,5,1,6
tadSyncid1id4.xml,tadSyncid3id2.xml,Template5,FAILED,5,5,5
tadSyncid3id2.xml,tadSyncid2id3.xml,Template2,FAILED,3,2,6
tadSyncid2id3.xml,tadSyncid3id2.xml,Template3,FAILED,3,2,7
tadSyncid3id2.xml,tadSyncid5id3.xml,Template3,FAILED,3,1,8
tadSyncid5id3.xml,tadSyncid3id2.xml,Template3,PASSED,3,3,7
tadSyncid3id2.xml,tmi13.xml,template,TIMEOUT,0,0,0
tmi13.xml,tadSyncid3id2.xml,Template4,FAILED,4,1,7
tadSyncid3id2.xml,tadSyncid5id1.xml,Template2,FAILED,4,2,6
tadSyncid5id1.xml,tadSyncid3id2.xml,Template1,PASSED,4,4,9
tadSyncid3id2.xml,tmi6.xml,Template2,PASSED,2,2,7
tmi6.xml,tadSyncid3id2.xml,Template3,FAILED,3,1,7
tadSyncid3id2.xml,tadSyncid5id5.xml,Template3,FAILED,3,3,5
tadSyncid5id5.xml,tadSyncid3id2.xml,Template2,PASSED,3,3,6
tadSyncid3id2.xml,ccn1.xml,Template2,PASSED,2,2,7
ccn1.xml,tadSyncid3id2.xml,Template3,FAILED,3,2,7
tadSyncid3id2.xml,cxs2.xml,Template5,PASSED,5,5,9
cxs2.xml,tadSyncid3id2.xml,Template3,FAILED,13,1,5
tadSyncid3id2.xml,tadSyncid2id1.xml,Template4,FAILED,4,1,7
tadSyncid2id1.xml,tadSyncid3id2.xml,Template4,FAILED,4,4,5
tadSyncid3id2.xml,tadSyncid4id4.xml,Template3,PASSED,3,3,9
tadSyncid4id4.xml,tadSyncid3id2.xml,Template3,PASSED,3,3,8
tadSyncid3id2.xml,tmi2.xml,Template1,PASSED,2,2,6
tmi2.xml,tadSyncid3id2.xml,Template4,FAILED,4,3,6
tadSyncid3id2.xml,tadSyncid1id0.xml,Template5,FAILED,5,1,9
tadSyncid1id0.xml,tadSyncid3id2.xml,Template5,FAILED,5,1,8
tadSyncid3id2.xml,tadSyncid0id2.xml,Template2,PASSED,2,2,6
tadSyncid0id2.xml,tadSyncid3id2.xml,Template2,PASSED,2,2,6
tadSyncid3id2.xml,tadSyncid4id3.xml,Template4,FAILED,4,1,7
tadSyncid4id3.xml,tadSyncid3id2.xml,Template4,FAILED,4,4,6
tadSyncid3id2.xml,tadSyncid1id5.xml,Template4,FAILED,4,4,8
tadSyncid1id5.xml,tadSyncid3id2.xml,Template4,FAILED,4,4,9
tadSyncid3id2.xml,tadSyncid2id0.xml,Template4,FAILED,4,2,5
tadSyncid2id0.xml,tadSyncid3id2.xml,Template4,FAILED,4,4,8
tadSyncid3id2.xml,tmi12.xml,Template1,PASSED,3,3,7
tmi12.xml,tadSyncid3id2.xml,Template5,FAILED,5,1,6
tadSyncid3id2.xml,smiTemplateid1.xml,Template2,PASSED,2,2,8
smiTemplateid1.xml,tadSyncid3id2.xml,Template1,FAILED,7,1,7
tadSyncid3id2.xml,tmi10.xml,Template3,PASSED,3,3,5
tmi10.xml,tadSyncid3id2.xml,Template5,FAILED,5,4,6
tadSyncid3id2.xml,tadSyncid3id3.xml,Template2,PASSED,3,3,7
tadSyncid3id3.xml,tadSyncid3id2.xml,Template3,PASSED,3,3,6
tadSyncid3id2.xml,tadSyncid0id5.xml,Template4,FAILED,4,2,6
tadSyncid0id5.xml,tadSyncid3id2.xml,Template4,FAILED,4,1,7
tadSyncid3id2.xml,tadSyncid5id2.xml,Template3,FAILED,3,2,6
tadSyncid5id2.xml,tadSyncid3id2.xml,Template1,PASSED,3,3,6
tadSyncid3id2.xml,tmi11.xml,Template3,PASSED,3,3,6
tmi11.xml,tadSyncid3id2.xml,Template5,FAILED,5,1,8
tadSyncid5id0.xml,tadSyncid3id1.xml,Template2,PASSED,4,4,6
tadSyncid3id1.xml,tadSyncid5id0.xml,Template4,FAILED,4,1,6
tadSyncid5id0.xml,tadSyncid1id4.xml,Template4,FAILED,4,4,6
tadSyncid1id4.xml,tadSyncid5id0.xml,Template2,FAILED,4,1,10
tadSyncid5id0.xml,tadSyncid2id3.xml,Template4,FAILED,4,2,6
tadSyncid2id3.xml,tadSyncid5id0.xml,Template4,FAILED,4,1,8
tadSyncid5id0.xml,tadSyncid5id3.xml,Template1,PASSED,3,3,7
tadSyncid5id3.xml,tadSyncid5id0.xml,Template2,PASSED,3,3,7
tadSyncid5id0.xml,tmi13.xml,template,TIMEOUT,0,0,0
tmi13.xml,tadSyncid5id0.xml,Template3,FAILED,3,1,7
tadSyncid5id0.xml,tadSyncid5id1.xml,Template3,PASSED,3,3,7
tadSyncid5id1.xml,tadSyncid5id0.xml,Template1,PASSED,3,3,8
tadSyncid5id0.xml,tmi6.xml,Template1,PASSED,2,2,7
tmi6.xml,tadSyncid5id0.xml,Template2,FAILED,3,2,7
tadSyncid5id0.xml,tadSyncid5id5.xml,Template1,PASSED,2,2,7
tadSyncid5id5.xml,tadSyncid5id0.xml,Template1,PASSED,2,2,8
tadSyncid5id0.xml,ccn1.xml,Template1,PASSED,1,1,6
ccn1.xml,tadSyncid5id0.xml,Template2,FAILED,2,1,6
tadSyncid5id0.xml,cxs2.xml,Template3,PASSED,4,4,8
cxs2.xml,tadSyncid5id0.xml,Template9,FAILED,12,1,6
tadSyncid5id0.xml,tadSyncid2id1.xml,Template3,PASSED,3,3,6
tadSyncid2id1.xml,tadSyncid5id0.xml,Template1,PASSED,3,3,6
tadSyncid5id0.xml,tadSyncid4id4.xml,Template3,PASSED,3,3,7
tadSyncid4id4.xml,tadSyncid5id0.xml,Template3,FAILED,3,1,7
tadSyncid5id0.xml,tmi2.xml,Template2,PASSED,2,2,11
tmi2.xml,tadSyncid5id0.xml,Template4,FAILED,4,1,11
tadSyncid5id0.xml,tadSyncid1id0.xml,Template3,FAILED,3,2,7
tadSyncid1id0.xml,tadSyncid5id0.xml,Template3,FAILED,3,2,7
tadSyncid5id0.xml,tadSyncid0id2.xml,Template2,PASSED,3,3,6
tadSyncid0id2.xml,tadSyncid5id0.xml,Template3,FAILED,3,3,7
tadSyncid5id0.xml,tadSyncid4id3.xml,Template2,PASSED,4,4,6
tadSyncid4id3.xml,tadSyncid5id0.xml,Template4,FAILED,4,1,6
tadSyncid5id0.xml,tadSyncid1id5.xml,Template3,FAILED,3,1,7
tadSyncid1id5.xml,tadSyncid5id0.xml,Template2,FAILED,3,1,8
tadSyncid5id0.xml,tadSyncid2id0.xml,Template3,FAILED,3,3,6
tadSyncid2id0.xml,tadSyncid5id0.xml,Template3,FAILED,3,1,6
tadSyncid5id0.xml,tmi12.xml,Template2,PASSED,2,2,6
tmi12.xml,tadSyncid5id0.xml,Template1,FAILED,4,3,8
tadSyncid5id0.xml,smiTemplateid1.xml,Template1,PASSED,1,1,6
smiTemplateid1.xml,tadSyncid5id0.xml,Template5,FAILED,6,3,6
tadSyncid5id0.xml,tmi10.xml,Template2,PASSED,2,2,6
tmi10.xml,tadSyncid5id0.xml,Template4,FAILED,4,1,7
tadSyncid5id0.xml,tadSyncid3id3.xml,Template3,PASSED,3,3,7
tadSyncid3id3.xml,tadSyncid5id0.xml,Template3,FAILED,3,1,6
tadSyncid5id0.xml,tadSyncid0id5.xml,Template2,PASSED,2,2,7
tadSyncid0id5.xml,tadSyncid5id0.xml,Template2,FAILED,2,2,6
tadSyncid5id0.xml,tadSyncid5id2.xml,Template3,FAILED,3,1,6
tadSyncid5id2.xml,tadSyncid5id0.xml,Template1,PASSED,3,3,7
tadSyncid5id0.xml,tmi11.xml,Template1,PASSED,2,2,7
tmi11.xml,tadSyncid5id0.xml,Template4,FAILED,4,1,7
tadSyncid3id1.xml,tadSyncid1id4.xml,Template4,FAILED,4,1,7
tadSyncid1id4.xml,tadSyncid3id1.xml,Template4,FAILED,4,1,6
tadSyncid3id1.xml,tadSyncid2id3.xml,Template3,FAILED,4,3,7
tadSyncid2id3.xml,tadSyncid3id1.xml,Template4,FAILED,4,2,7
tadSyncid3id1.xml,tadSyncid5id3.xml,Template3,FAILED,3,1,6
tadSyncid5id3.xml,tadSyncid3id1.xml,Template2,PASSED,3,3,7
tadSyncid3id1.xml,tmi13.xml,template,TIMEOUT,0,0,0
tmi13.xml,tadSyncid3id1.xml,Template1,FAILED,4,1,7
tadSyncid3id1.xml,tadSyncid5id1.xml,Template1,FAILED,3,1,6
tadSyncid5id1.xml,tadSyncid3id1.xml,Template1,PASSED,3,3,12
tadSyncid3id1.xml,tmi6.xml,Template1,PASSED,3,3,7
tmi6.xml,tadSyncid3id1.xml,Template4,FAILED,4,1,6
tadSyncid3id1.xml,tadSyncid5id5.xml,Template3,FAILED,3,1,6
tadSyncid5id5.xml,tadSyncid3id1.xml,Template3,PASSED,3,3,8
tadSyncid3id1.xml,ccn1.xml,Template2,PASSED,2,2,7
ccn1.xml,tadSyncid3id1.xml,Template3,FAILED,3,3,7
tadSyncid3id1.xml,cxs2.xml,Template4,PASSED,5,5,7
cxs2.xml,tadSyncid3id1.xml,Template12,FAILED,13,1,5
tadSyncid3id1.xml,tadSyncid2id1.xml,Template4,FAILED,4,1,8
tadSyncid2id1.xml,tadSyncid3id1.xml,Template4,FAILED,4,1,7
tadSyncid3id1.xml,tadSyncid4id4.xml,Template4,FAILED,4,4,6
tadSyncid4id4.xml,tadSyncid3id1.xml,Template4,FAILED,4,1,8
tadSyncid3id1.xml,tmi2.xml,Template2,PASSED,2,2,6
tmi2.xml,tadSyncid3id1.xml,Template4,FAILED,4,1,7
tadSyncid3id1.xml,tadSyncid1id0.xml,Template4,FAILED,4,4,6
tadSyncid1id0.xml,tadSyncid3id1.xml,Template4,FAILED,4,2,8
tadSyncid3id1.xml,tadSyncid0id2.xml,Template5,FAILED,5,5,6
tadSyncid0id2.xml,tadSyncid3id1.xml,Template5,FAILED,5,3,7
tadSyncid3id1.xml,tadSyncid4id3.xml,Template2,FAILED,4,2,6
tadSyncid4id3.xml,tadSyncid3id1.xml,Template4,FAILED,4,2,6
tadSyncid3id1.xml,tadSyncid1id5.xml,Template3,FAILED,3,3,7
tadSyncid1id5.xml,tadSyncid3id1.xml,Template3,FAILED,3,3,6
tadSyncid3id1.xml,tadSyncid2id0.xml,Template5,FAILED,5,3,6
tadSyncid2id0.xml,tadSyncid3id1.xml,Template5,FAILED,5,2,7
tadSyncid3id1.xml,tmi12.xml,Template3,PASSED,3,3,6
tmi12.xml,tadSyncid3id1.xml,Template5,FAILED,5,5,6
tadSyncid3id1.xml,smiTemplateid1.xml,Template1,PASSED,1,1,7
smiTemplateid1.xml,tadSyncid3id1.xml,Template1,FAILED,6,4,6
tadSyncid3id1.xml,tmi10.xml,Template3,PASSED,3,3,6
tmi10.xml,tadSyncid3id1.xml,Template5,FAILED,5,5,6
tadSyncid3id1.xml,tadSyncid3id3.xml,Template1,PASSED,3,3,6
tadSyncid3id3.xml,tadSyncid3id1.xml,Template2,PASSED,3,3,6
tadSyncid3id1.xml,tadSyncid0id5.xml,Template4,FAILED,4,4,8
tadSyncid0id5.xml,tadSyncid3id1.xml,Template4,FAILED,4,1,9
tadSyncid3id1.xml,tadSyncid5id2.xml,Template2,FAILED,4,1,6
tadSyncid5id2.xml,tadSyncid3id1.xml,Template3,PASSED,4,4,7
tadSyncid3id1.xml,tmi11.xml,Template1,PASSED,3,3,6
tmi11.xml,tadSyncid3id1.xml,Template5,FAILED,5,5,6
tadSyncid1id4.xml,tadSyncid2id3.xml,Template5,FAILED,5,2,6
tadSyncid2id3.xml,tadSyncid1id4.xml,Template5,FAILED,5,1,6
tadSyncid1id4.xml,tadSyncid5id3.xml,Template2,FAILED,4,2,5
tadSyncid5id3.xml,tadSyncid1id4.xml,Template4,FAILED,4,2,8
tadSyncid1id4.xml,tmi13.xml,template,TIMEOUT,0,0,0
tmi13.xml,tadSyncid1id4.xml,Template3,FAILED,3,1,6
tadSyncid1id4.xml,tadSyncid5id1.xml,Template3,FAILED,3,1,6
tadSyncid5id1.xml,tadSyncid1id4.xml,Template3,FAILED,3,3,6
tadSyncid1id4.xml,tmi6.xml,Template1,PASSED,3,3,8
tmi6.xml,tadSyncid1id4.xml,Template4,FAILED,4,2,6
tadSyncid1id4.xml,tadSyncid5id5.xml,Template2,PASSED,2,2,6
tadSyncid5id5.xml,tadSyncid1id4.xml,Template2,PASSED,2,2,7
tadSyncid1id4.xml,ccn1.xml,Template1,PASSED,2,2,7
ccn1.xml,tadSyncid1id4.xml,Template3,FAILED,3,2,7
tadSyncid1id4.xml,cxs2.xml,Template1,PASSED,4,4,7
cxs2.xml,tadSyncid1id4.xml,Template1,FAILED,12,1,5
tadSyncid1id4.xml,tadSyncid2id1.xml,Template4,FAILED,4,1,8
tadSyncid2id1.xml,tadSyncid1id4.xml,Template4,FAILED,4,1,6
tadSyncid1id4.xml,tadSyncid4id4.xml,Template3,FAILED,3,3,6
tadSyncid4id4.xml,tadSyncid1id4.xml,Template3,FAILED,3,3,8
tadSyncid1id4.xml,tmi2.xml,Template3,PASSED,3,3,7
tmi2.xml,tadSyncid1id4.xml,Template5,FAILED,5,5,7
tadSyncid1id4.xml,tadSyncid1id0.xml,Template1,PASSED,4,4,7
tadSyncid1id0.xml,tadSyncid1id4.xml,Template2,PASSED,4,4,6
tadSyncid1id4.xml,tadSyncid0id2.xml,Template5,FAILED,5,1,7
tadSyncid0id2.xml,tadSyncid1id4.xml,Template5,FAILED,5,1,7
tadSyncid1id4.xml,tadSyncid4id3.xml,Template2,FAILED,4,2,6
tadSyncid4id3.xml,tadSyncid1id4.xml,Template4,FAILED,4,4,7
tadSyncid1id4.xml,tadSyncid1id5.xml,Template3,PASSED,3,3,8
tadSyncid1id5.xml,tadSyncid1id4.xml,Template2,PASSED,3,3,6
tadSyncid1id4.xml,tadSyncid2id0.xml,Template5,FAILED,5,1,6
tadSyncid2id0.xml,tadSyncid1id4.xml,Template5,FAILED,5,1,7
tadSyncid1id4.xml,tmi12.xml,Template1,PASSED,2,2,9
tmi12.xml,tadSyncid1id4.xml,Template4,FAILED,4,1,6
tadSyncid1id4.xml,smiTemplateid1.xml,Template2,PASSED,2,2,6
smiTemplateid1.xml,tadSyncid1id4.xml,Template6,FAILED,7,1,7
tadSyncid1id4.xml,tmi10.xml,Template2,PASSED,2,2,6
tmi10.xml,tadSyncid1id4.xml,Template4,FAILED,4,2,6
tadSyncid1id4.xml,tadSyncid3id3.xml,Template4,FAILED,4,3,7
tadSyncid3id3.xml,tadSyncid1id4.xml,Template4,FAILED,4,4,6
tadSyncid1id4.xml,tadSyncid0id5.xml,Template4,FAILED,4,3,6
tadSyncid0id5.xml,tadSyncid1id4.xml,Template4,FAILED,4,3,7
tadSyncid1id4.xml,tadSyncid5id2.xml,Template2,FAILED,4,1,6
tadSyncid5id2.xml,tadSyncid1id4.xml,Template4,FAILED,4,4,6
tadSyncid1id4.xml,tmi11.xml,Template1,PASSED,2,2,7
tmi11.xml,tadSyncid1id4.xml,Template4,FAILED,4,1,8
tadSyncid2id3.xml,tadSyncid5id3.xml,Template3,FAILED,3,3,6
tadSyncid5id3.xml,tadSyncid2id3.xml,Template2,FAILED,3,1,6
tadSyncid2id3.xml,tmi13.xml,template,TIMEOUT,0,0,0
tmi13.xml,tadSyncid2id3.xml,Template1,FAILED,4,1,7
tadSyncid2id3.xml,tadSyncid5id1.xml,Template3,FAILED,3,3,6
tadSyncid5id1.xml,tadSyncid2id3.xml,Template3,FAILED,3,1,7
tadSyncid2id3.xml,tmi6.xml,Template1,PASSED,2,2,6
tmi6.xml,tadSyncid2id3.xml,Template3,FAILED,3,1,6
tadSyncid2id3.xml,tadSyncid5id5.xml,Template2,PASSED,3,3,7
tadSyncid5id5.xml,tadSyncid2id3.xml,Template3,FAILED,3,1,6
tadSyncid2id3.xml,ccn1.xml,Template1,PASSED,2,2,6
ccn1.xml,tadSyncid2id3.xml,Template2,FAILED,3,2,7
tadSyncid2id3.xml,cxs2.xml,Template2,PASSED,5,5,7
cxs2.xml,tadSyncid2id3.xml,Template13,FAILED,13,1,5
tadSyncid2id3.xml,tadSyncid2id1.xml,Template1,PASSED,4,4,7
tadSyncid2id1.xml,tadSyncid2id3.xml,Template1,PASSED,4,4,6
tadSyncid2id3.xml,tadSyncid4id4.xml,Template4,PASSED,4,4,9
tadSyncid4id4.xml,tadSyncid2id3.xml,Template4,FAILED,4,2,7
tadSyncid2id3.xml,tmi2.xml,Template1,PASSED,2,2,7
tmi2.xml,tadSyncid2id3.xml,Template4,FAILED,4,2,6
tadSyncid2id3.xml,tadSyncid1id0.xml,Template5,FAILED,5,4,9
tadSyncid1id0.xml,tadSyncid2id3.xml,Template4,FAILED,5,1,7
tadSyncid2id3.xml,tadSyncid0id2.xml,Template3,PASSED,4,4,7
tadSyncid0id2.xml,tadSyncid2id3.xml,Template4,FAILED,4,3,7
tadSyncid2id3.xml,tadSyncid4id3.xml,Template2,PASSED,4,4,6
tadSyncid4id3.xml,tadSyncid2id3.xml,Template4,FAILED,4,2,7
tadSyncid2id3.xml,tadSyncid1id5.xml,Template4,FAILED,4,1,7
tadSyncid1id5.xml,tadSyncid2id3.xml,Template4,FAILED,4,1,7
tadSyncid2id3.xml,tadSyncid2id0.xml,Template4,PASSED,4,4,7
tadSyncid2id0.xml,tadSyncid2id3.xml,Template1,PASSED,4,4,7
tadSyncid2id3.xml,tmi12.xml,Template3,PASSED,3,3,6
tmi12.xml,tadSyncid2id3.xml,Template2,FAILED,5,1,7
tadSyncid2id3.xml,smiTemplateid1.xml,Template2,PASSED,2,2,7
smiTemplateid1.xml,tadSyncid2id3.xml,Template4,FAILED,7,2,6
tadSyncid2id3.xml,tmi10.xml,Template3,PASSED,3,3,7
tmi10.xml,tadSyncid2id3.xml,Template2,FAILED,5,2,9
tadSyncid2id3.xml,tadSyncid3id3.xml,Template3,FAILED,3,3,7
tadSyncid3id3.xml,tadSyncid2id3.xml,Template2,FAILED,3,1,6
tadSyncid2id3.xml,tadSyncid0id5.xml,Template1,PASSED,4,4,6
tadSyncid0id5.xml,tadSyncid2id3.xml,Template4,FAILED,4,1,6
tadSyncid2id3.xml,tadSyncid5id2.xml,Template3,FAILED,3,3,7
tadSyncid5id2.xml,tadSyncid2id3.xml,Template2,FAILED,3,1,8
tadSyncid2id3.xml,tmi11.xml,Template1,PASSED,3,3,7
tmi11.xml,tadSyncid2id3.xml,Template5,FAILED,5,3,7
tadSyncid5id3.xml,tmi13.xml,template,TIMEOUT,0,0,0
tmi13.xml,tadSyncid5id3.xml,Template3,FAILED,3,2,6
tadSyncid5id3.xml,tadSyncid5id1.xml,Template2,FAILED,3,2,6
tadSyncid5id1.xml,tadSyncid5id3.xml,Template3,PASSED,3,3,9
tadSyncid5id3.xml,tmi6.xml,Template2,PASSED,2,2,7
tmi6.xml,tadSyncid5id3.xml,Template2,FAILED,3,2,5
tadSyncid5id3.xml,tadSyncid5id5.xml,Template1,PASSED,2,2,7
tadSyncid5id5.xml,tadSyncid5id3.xml,Template2,PASSED,2,2,7
tadSyncid5id3.xml,ccn1.xml,Template1,PASSED,1,1,7
ccn1.xml,tadSyncid5id3.xml,Template2,FAILED,2,1,8
tadSyncid5id3.xml,cxs2.xml,Template1,PASSED,5,5,8
cxs2.xml,tadSyncid5id3.xml,Template1,FAILED,13,1,6
tadSyncid5id3.xml,tadSyncid2id1.xml,Template4,FAILED,4,3,8
tadSyncid2id1.xml,tadSyncid5id3.xml,Template4,FAILED,4,4,6
tadSyncid5id3.xml,tadSyncid4id4.xml,Template1,PASSED,3,3,7
tadSyncid4id4.xml,tadSyncid5id3.xml,Template3,FAILED,3,1,6
tadSyncid5id3.xml,tmi2.xml,Template1,PASSED,1,1,7
tmi2.xml,tadSyncid5id3.xml,Template3,FAILED,3,1,6
tadSyncid5id3.xml,tadSyncid1id0.xml,Template4,FAILED,4,1,7
tadSyncid1id0.xml,tadSyncid5id3.xml,Template4,FAILED,4,1,8
tadSyncid5id3.xml,tadSyncid0id2.xml,Template3,PASSED,4,4,6
tadSyncid0id2.xml,tadSyncid5id3.xml,Template4,FAILED,4,1,9
tadSyncid5id3.xml,tadSyncid4id3.xml,Template2,PASSED,3,3,8
tadSyncid4id3.xml,tadSyncid5id3.xml,Template3,FAILED,3,1,7
tadSyncid5id3.xml,tadSyncid1id5.xml,Template3,FAILED,3,2,6
tadSyncid1id5.xml,tadSyncid5id3.xml,Template3,FAILED,3,2,6
tadSyncid5id3.xml,tadSyncid2id0.xml,Template4,FAILED,4,4,7
tadSyncid2id0.xml,tadSyncid5id3.xml,Template4,FAILED,4,3,6
tadSyncid5id3.xml,tmi12.xml,Template1,PASSED,2,2,6
tmi12.xml,tadSyncid5id3.xml,Template1,FAILED,4,2,7
tadSyncid5id3.xml,smiTemplateid1.xml,Template1,PASSED,1,1,8
smiTemplateid1.xml,tadSyncid5id3.xml,Template3,FAILED,6,3,6
tadSyncid5id3.xml,tmi10.xml,Template2,PASSED,2,2,7
tmi10.xml,tadSyncid5id3.xml,Template1,FAILED,4,2,9
tadSyncid5id3.xml,tadSyncid3id3.xml,Template2,PASSED,2,2,6
tadSyncid3id3.xml,tadSyncid5id3.xml,Template2,FAILED,2,1,6
tadSyncid5id3.xml,tadSyncid0id5.xml,Template1,PASSED,3,3,8
tadSyncid0id5.xml,tadSyncid5id3.xml,Template3,FAILED,3,3,7
tadSyncid5id3.xml,tadSyncid5id2.xml,Template3,FAILED,3,3,7
tadSyncid5id2.xml,tadSyncid5id3.xml,Template2,PASSED,3,3,10
tadSyncid5id3.xml,tmi11.xml,Template2,PASSED,2,2,8
tmi11.xml,tadSyncid5id3.xml,Template1,FAILED,4,1,7
tmi13.xml,tadSyncid5id1.xml,Template3,FAILED,3,2,6
tadSyncid5id1.xml,tmi13.xml,template,TIMEOUT,0,0,0
tmi13.xml,tmi6.xml,Template1,FAILED,2,2,6
tmi6.xml,tmi13.xml,template,TIMEOUT,0,0,0
tmi13.xml,tadSyncid5id5.xml,Template2,FAILED,2,1,7
tadSyncid5id5.xml,tmi13.xml,template,TIMEOUT,0,0,0
tmi13.xml,ccn1.xml,Template1,PASSED,1,1,7
ccn1.xml,tmi13.xml,template,TIMEOUT,0,0,0
tmi13.xml,cxs2.xml,Template4,FAILED,4,2,7
cxs2.xml,tmi13.xml,template,TIMEOUT,0,0,0
tmi13.xml,tadSyncid2id1.xml,Template2,FAILED,4,1,5
tadSyncid2id1.xml,tmi13.xml,template,TIMEOUT,0,0,0
tmi13.xml,tadSyncid4id4.xml,Template2,FAILED,2,1,6
tadSyncid4id4.xml,tmi13.xml,template,TIMEOUT,0,0,0
tmi13.xml,tmi2.xml,Template1,FAILED,2,2,7
tmi2.xml,tmi13.xml,template,TIMEOUT,0,0,0
tmi13.xml,tadSyncid1id0.xml,Template1,FAILED,4,1,6
tadSyncid1id0.xml,tmi13.xml,template,TIMEOUT,0,0,0
tmi13.xml,tadSyncid0id2.xml,Template2,FAILED,4,2,7
tadSyncid0id2.xml,tmi13.xml,template,TIMEOUT,0,0,0
tmi13.xml,tadSyncid4id3.xml,Template1,FAILED,3,1,6
tadSyncid4id3.xml,tmi13.xml,template,TIMEOUT,0,0,0
tmi13.xml,tadSyncid1id5.xml,Template1,FAILED,3,1,8
tadSyncid1id5.xml,tmi13.xml,template,TIMEOUT,0,0,0
tmi13.xml,tadSyncid2id0.xml,Template4,FAILED,4,1,7
tadSyncid2id0.xml,tmi13.xml,template,TIMEOUT,0,0,0
tmi13.xml,tmi12.xml,Template1,PASSED,1,1,6
tmi12.xml,tmi13.xml,template,TIMEOUT,0,0,0
tmi13.xml,smiTemplateid1.xml,Template1,PASSED,2,2,6
smiTemplateid1.xml,tmi13.xml,template,TIMEOUT,0,0,0
tmi13.xml,tmi10.xml,Template1,PASSED,1,1,6
tmi10.xml,tmi13.xml,template,TIMEOUT,0,0,0
tmi13.xml,tadSyncid3id3.xml,Template1,FAILED,3,1,5
tadSyncid3id3.xml,tmi13.xml,template,TIMEOUT,0,0,0
tmi13.xml,tadSyncid0id5.xml,Template3,FAILED,3,1,8
tadSyncid0id5.xml,tmi13.xml,template,TIMEOUT,0,0,0
tmi13.xml,tadSyncid5id2.xml,Template1,FAILED,3,2,5
tadSyncid5id2.xml,tmi13.xml,template,TIMEOUT,0,0,0
tmi13.xml,tmi11.xml,Template1,PASSED,1,1,8
tmi11.xml,tmi13.xml,template,TIMEOUT,0,0,0
tadSyncid5id1.xml,tmi6.xml,Template1,PASSED,2,2,8
tmi6.xml,tadSyncid5id1.xml,Template3,FAILED,3,1,7
tadSyncid5id1.xml,tadSyncid5id5.xml,Template2,PASSED,2,2,8
tadSyncid5id5.xml,tadSyncid5id1.xml,Template2,PASSED,2,2,8
tadSyncid5id1.xml,ccn1.xml,Template1,PASSED,1,1,6
ccn1.xml,tadSyncid5id1.xml,Template1,FAILED,2,1,6
tadSyncid5id1.xml,cxs2.xml,Template2,PASSED,4,4,5
cxs2.xml,tadSyncid5id1.xml,Template1,FAILED,12,1,4
tadSyncid5id1.xml,tadSyncid2id1.xml,Template3,FAILED,3,1,6
tadSyncid2id1.xml,tadSyncid5id1.xml,Template3,FAILED,3,1,8
tadSyncid5id1.xml,tadSyncid4id4.xml,Template3,PASSED,3,3,7
tadSyncid4id4.xml,tadSyncid5id1.xml,Template3,FAILED,3,3,6
tadSyncid5id1.xml,tmi2.xml,Template2,PASSED,2,2,6
tmi2.xml,tadSyncid5id1.xml,Template1,FAILED,4,1,8
tadSyncid5id1.xml,tadSyncid1id0.xml,Template3,FAILED,3,3,8
tadSyncid1id0.xml,tadSyncid5id1.xml,Template3,FAILED,3,1,7
tadSyncid5id1.xml,tadSyncid0id2.xml,Template4,PASSED,4,4,6
tadSyncid0id2.xml,tadSyncid5id1.xml,Template4,FAILED,4,1,7
tadSyncid5id1.xml,tadSyncid4id3.xml,Template2,PASSED,4,4,7
tadSyncid4id3.xml,tadSyncid5id1.xml,Template2,FAILED,4,2,7
tadSyncid5id1.xml,tadSyncid1id5.xml,Template2,FAILED,2,1,10
tadSyncid1id5.xml,tadSyncid5id1.xml,Template2,FAILED,2,1,7
tadSyncid5id1.xml,tadSyncid2id0.xml,Template4,FAILED,4,4,6
tadSyncid2id0.xml,tadSyncid5id1.xml,Template4,FAILED,4,1,6
tadSyncid5id1.xml,tmi12.xml,Template1,PASSED,2,2,7
tmi12.xml,tadSyncid5id1.xml,Template4,FAILED,4,2,7
tadSyncid5id1.xml,smiTemplateid1.xml,Template1,PASSED,1,1,6
smiTemplateid1.xml,tadSyncid5id1.xml,Template5,FAILED,6,2,7
tadSyncid5id1.xml,tmi10.xml,Template2,PASSED,2,2,7
tmi10.xml,tadSyncid5id1.xml,Template4,FAILED,4,1,7
tadSyncid5id1.xml,tadSyncid3id3.xml,Template3,PASSED,3,3,9
tadSyncid3id3.xml,tadSyncid5id1.xml,Template1,FAILED,3,1,6
tadSyncid5id1.xml,tadSyncid0id5.xml,Template3,PASSED,3,3,7
tadSyncid0id5.xml,tadSyncid5id1.xml,Template3,FAILED,3,1,6
tadSyncid5id1.xml,tadSyncid5id2.xml,Template3,FAILED,3,1,6
tadSyncid5id2.xml,tadSyncid5id1.xml,Template2,PASSED,3,3,7
tadSyncid5id1.xml,tmi11.xml,Template1,PASSED,2,2,7
tmi11.xml,tadSyncid5id1.xml,Template4,FAILED,4,1,6
tmi6.xml,tadSyncid5id5.xml,Template2,FAILED,2,1,6
tadSyncid5id5.xml,tmi6.xml,Template1,PASSED,1,1,6
tmi6.xml,ccn1.xml,Template1,PASSED,1,1,6
ccn1.xml,tmi6.xml,Template1,PASSED,1,1,7
tmi6.xml,cxs2.xml,Template1,PASSED,4,4,7
cxs2.xml,tmi6.xml,Template1,FAILED,11,1,4
tmi6.xml,tadSyncid2id1.xml,Template3,FAILED,3,3,6
tadSyncid2id1.xml,tmi6.xml,Template2,PASSED,2,2,6
tmi6.xml,tadSyncid4id4.xml,Template3,FAILED,3,2,7
tadSyncid4id4.xml,tmi6.xml,Template1,PASSED,2,2,6
tmi6.xml,tmi2.xml,Template1,PASSED,2,2,6
tmi2.xml,tmi6.xml,Template1,PASSED,3,3,7
tmi6.xml,tadSyncid1id0.xml,Template4,FAILED,4,1,6
tadSyncid1id0.xml,tmi6.xml,Template3,PASSED,3,3,9
tmi6.xml,tadSyncid0id2.xml,Template3,FAILED,3,1,8
tadSyncid0id2.xml,tmi6.xml,Template2,PASSED,2,2,7
tmi6.xml,tadSyncid4id3.xml,Template4,FAILED,4,2,7
tadSyncid4id3.xml,tmi6.xml,Template2,PASSED,3,3,6
tmi6.xml,tadSyncid1id5.xml,Template3,FAILED,3,2,6
tadSyncid1id5.xml,tmi6.xml,Template2,PASSED,2,2,7
tmi6.xml,tadSyncid2id0.xml,Template3,FAILED,3,2,8
tadSyncid2id0.xml,tmi6.xml,Template2,PASSED,2,2,7
tmi6.xml,tmi12.xml,Template2,PASSED,2,2,5
tmi12.xml,tmi6.xml,Template2,PASSED,3,3,6
tmi6.xml,smiTemplateid1.xml,Template2,PASSED,2,2,9
smiTemplateid1.xml,tmi6.xml,Template4,FAILED,6,3,6
tmi6.xml,tmi10.xml,Template2,PASSED,2,2,6
tmi10.xml,tmi6.xml,Template3,PASSED,3,3,7
tmi6.xml,tadSyncid3id3.xml,Template3,FAILED,3,2,7
tadSyncid3id3.xml,tmi6.xml,Template1,PASSED,2,2,6
tmi6.xml,tadSyncid0id5.xml,Template3,FAILED,3,3,6
tadSyncid0id5.xml,tmi6.xml,Template2,PASSED,2,2,7
tmi6.xml,tadSyncid5id2.xml,Template1,FAILED,2,1,7
tadSyncid5id2.xml,tmi6.xml,Template1,PASSED,1,1,7
tmi6.xml,tmi11.xml,Template1,PASSED,2,2,7
tmi11.xml,tmi6.xml,Template1,PASSED,3,3,5
ccn1.xml,tadSyncid5id5.xml,Template1,FAILED,1,1,6
tadSyncid5id5.xml,cxs2.xml,Template1,PASSED,4,4,7
cxs2.xml,tadSyncid5id5.xml,Template11,FAILED,12,1,5
tadSyncid5id5.xml,tadSyncid2id1.xml,Template3,FAILED,3,3,7
tadSyncid2id1.xml,tadSyncid5id5.xml,Template3,PASSED,3,3,7
tadSyncid5id5.xml,tadSyncid4id4.xml,Template1,PASSED,2,2,6
tadSyncid4id4.xml,tadSyncid5id5.xml,Template1,PASSED,2,2,6
tadSyncid5id5.xml,tmi2.xml,Template1,PASSED,1,1,6
tmi2.xml,tadSyncid5id5.xml,Template3,FAILED,3,2,6
tadSyncid5id5.xml,tadSyncid1id0.xml,Template3,FAILED,3,1,7
tadSyncid1id0.xml,tadSyncid5id5.xml,Template3,FAILED,3,3,6
tadSyncid5id5.xml,tadSyncid0id2.xml,Template1,PASSED,3,3,6
tadSyncid0id2.xml,tadSyncid5id5.xml,Template3,PASSED,3,3,8
tadSyncid5id5.xml,tadSyncid4id3.xml,Template1,PASSED,3,3,10
tadSyncid4id3.xml,tadSyncid5id5.xml,Template1,PASSED,3,3,6
tadSyncid5id5.xml,tadSyncid1id5.xml,Template2,FAILED,2,2,7
tadSyncid1id5.xml,tadSyncid5id5.xml,Template2,FAILED,2,1,9
tadSyncid5id5.xml,tadSyncid2id0.xml,Template3,FAILED,3,2,7
tadSyncid2id0.xml,tadSyncid5id5.xml,Template1,PASSED,3,3,7
tadSyncid5id5.xml,tmi12.xml,Template1,PASSED,1,1,9
tmi12.xml,tadSyncid5id5.xml,Template3,FAILED,3,1,9
tadSyncid5id5.xml,smiTemplateid1.xml,Template1,PASSED,1,1,6
smiTemplateid1.xml,tadSyncid5id5.xml,Template5,FAILED,6,3,6
tadSyncid5id5.xml,tmi10.xml,Template1,PASSED,1,1,8
tmi10.xml,tadSyncid5id5.xml,Template3,FAILED,3,1,6
tadSyncid5id5.xml,tadSyncid3id3.xml,Template2,PASSED,2,2,8
tadSyncid3id3.xml,tadSyncid5id5.xml,Template2,FAILED,2,2,6
tadSyncid5id5.xml,tadSyncid0id5.xml,Template1,PASSED,2,2,6
tadSyncid0id5.xml,tadSyncid5id5.xml,Template1,PASSED,2,2,6
tadSyncid5id5.xml,tadSyncid5id2.xml,Template2,PASSED,2,2,6
tadSyncid5id2.xml,tadSyncid5id5.xml,Template1,PASSED,2,2,7
tadSyncid5id5.xml,tmi11.xml,Template1,PASSED,1,1,7
tmi11.xml,tadSyncid5id5.xml,Template2,FAILED,3,1,6
ccn1.xml,cxs2.xml,Template1,PASSED,4,4,6
cxs2.xml,ccn1.xml,Template7,FAILED,11,1,5
ccn1.xml,tadSyncid2id1.xml,Template3,FAILED,3,3,7
tadSyncid2id1.xml,ccn1.xml,Template1,PASSED,2,2,8
ccn1.xml,tadSyncid4id4.xml,Template2,FAILED,2,2,11
tadSyncid4id4.xml,ccn1.xml,Template1,PASSED,1,1,10
ccn1.xml,tmi2.xml,Template1,PASSED,1,1,7
tmi2.xml,ccn1.xml,Template1,PASSED,2,2,7
ccn1.xml,tadSyncid1id0.xml,Template3,FAILED,3,3,6
tadSyncid1id0.xml,ccn1.xml,Template1,PASSED,2,2,6
ccn1.xml,tadSyncid0id2.xml,Template3,FAILED,3,1,6
tadSyncid0id2.xml,ccn1.xml,Template1,PASSED,2,2,6
ccn1.xml,tadSyncid4id3.xml,Template1,FAILED,3,1,7
tadSyncid4id3.xml,ccn1.xml,Template1,PASSED,2,2,7
ccn1.xml,tadSyncid1id5.xml,Template2,FAILED,2,1,7
tadSyncid1id5.xml,ccn1.xml,Template1,PASSED,1,1,8
ccn1.xml,tadSyncid2id0.xml,Template3,FAILED,3,1,10
tadSyncid2id0.xml,ccn1.xml,Template2,PASSED,2,2,5
ccn1.xml,tmi12.xml,Template1,PASSED,1,1,7
tmi12.xml,ccn1.xml,Template1,PASSED,2,2,6
ccn1.xml,smiTemplateid1.xml,Template1,PASSED,1,1,7
smiTemplateid1.xml,ccn1.xml,Template3,FAILED,5,2,5
ccn1.xml,tmi10.xml,Template1,PASSED,1,1,5
tmi10.xml,ccn1.xml,Template2,PASSED,2,2,7
ccn1.xml,tadSyncid3id3.xml,Template2,FAILED,2,2,8
tadSyncid3id3.xml,ccn1.xml,Template1,PASSED,1,1,8
ccn1.xml,tadSyncid0id5.xml,Template2,FAILED,2,1,7
tadSyncid0id5.xml,ccn1.xml,Template1,PASSED,1,1,7
ccn1.xml,tadSyncid5id2.xml,Template1,FAILED,2,1,6
tadSyncid5id2.xml,ccn1.xml,Template1,PASSED,1,1,7
ccn1.xml,tmi11.xml,Template1,PASSED,1,1,9
tmi11.xml,ccn1.xml,Template2,PASSED,2,2,7
cxs2.xml,tadSyncid2id1.xml,Template1,FAILED,12,1,4
tadSyncid2id1.xml,cxs2.xml,Template4,PASSED,4,4,6
cxs2.xml,tadSyncid4id4.xml,Template9,FAILED,12,1,5
tadSyncid4id4.xml,cxs2.xml,Template2,PASSED,4,4,7
cxs2.xml,tmi2.xml,Template9,FAILED,12,1,6
tmi2.xml,cxs2.xml,Template1,PASSED,6,6,8
cxs2.xml,tadSyncid1id0.xml,Template9,FAILED,12,1,5
tadSyncid1id0.xml,cxs2.xml,Template4,PASSED,4,4,8
cxs2.xml,tadSyncid0id2.xml,Template7,FAILED,12,1,6
tadSyncid0id2.xml,cxs2.xml,Template2,PASSED,4,4,6
cxs2.xml,tadSyncid4id3.xml,Template12,FAILED,13,1,6
tadSyncid4id3.xml,cxs2.xml,Template5,PASSED,5,5,7
cxs2.xml,tadSyncid1id5.xml,Template1,FAILED,12,1,5
tadSyncid1id5.xml,cxs2.xml,Template1,PASSED,4,4,6
cxs2.xml,tadSyncid2id0.xml,Template1,FAILED,12,1,4
tadSyncid2id0.xml,cxs2.xml,Template4,PASSED,4,4,7
cxs2.xml,tmi12.xml,Template7,FAILED,10,1,5
tmi12.xml,cxs2.xml,Template3,PASSED,4,4,7
cxs2.xml,smiTemplateid1.xml,Template1,FAILED,8,1,5
smiTemplateid1.xml,cxs2.xml,Template3,FAILED,5,4,6
cxs2.xml,tmi10.xml,Template2,FAILED,10,1,5
tmi10.xml,cxs2.xml,Template1,PASSED,4,4,7
cxs2.xml,tadSyncid3id3.xml,Template13,FAILED,13,1,5
tadSyncid3id3.xml,cxs2.xml,Template1,PASSED,5,5,5
cxs2.xml,tadSyncid0id5.xml,Template2,FAILED,12,1,6
tadSyncid0id5.xml,cxs2.xml,Template3,PASSED,4,4,6
cxs2.xml,tadSyncid5id2.xml,Template1,FAILED,12,1,6
tadSyncid5id2.xml,cxs2.xml,Template1,PASSED,4,4,7
cxs2.xml,tmi11.xml,Template3,FAILED,10,1,4
tmi11.xml,cxs2.xml,Template1,PASSED,4,4,5
tadSyncid2id1.xml,tadSyncid4id4.xml,Template1,PASSED,4,4,7
tadSyncid4id4.xml,tadSyncid2id1.xml,Template4,FAILED,4,3,8
tadSyncid2id1.xml,tmi2.xml,Template3,PASSED,3,3,6
tmi2.xml,tadSyncid2id1.xml,Template5,FAILED,5,5,6
tadSyncid2id1.xml,tadSyncid1id0.xml,Template4,FAILED,4,4,6
tadSyncid1id0.xml,tadSyncid2id1.xml,Template4,FAILED,4,1,6
tadSyncid2id1.xml,tadSyncid0id2.xml,Template1,PASSED,4,4,6
tadSyncid0id2.xml,tadSyncid2id1.xml,Template4,FAILED,4,4,7
tadSyncid2id1.xml,tadSyncid4id3.xml,Template4,PASSED,5,5,6
tadSyncid4id3.xml,tadSyncid2id1.xml,Template5,FAILED,5,5,7
tadSyncid2id1.xml,tadSyncid1id5.xml,Template3,FAILED,3,3,7
tadSyncid1id5.xml,tadSyncid2id1.xml,Template3,FAILED,3,1,5
tadSyncid2id1.xml,tadSyncid2id0.xml,Template3,PASSED,4,4,7
tadSyncid2id0.xml,tadSyncid2id1.xml,Template3,PASSED,4,4,6
tadSyncid2id1.xml,tmi12.xml,Template1,PASSED,3,3,5
tmi12.xml,tadSyncid2id1.xml,Template5,FAILED,5,4,7
tadSyncid2id1.xml,smiTemplateid1.xml,Template2,PASSED,2,2,7
smiTemplateid1.xml,tadSyncid2id1.xml,Template7,FAILED,7,2,7
tadSyncid2id1.xml,tmi10.xml,Template3,PASSED,3,3,6
tmi10.xml,tadSyncid2id1.xml,Template5,FAILED,5,3,6
tadSyncid2id1.xml,tadSyncid3id3.xml,Template4,FAILED,4,1,7
tadSyncid3id3.xml,tadSyncid2id1.xml,Template4,FAILED,4,1,7
tadSyncid2id1.xml,tadSyncid0id5.xml,Template4,PASSED,4,4,8
tadSyncid0id5.xml,tadSyncid2id1.xml,Template4,FAILED,4,3,8
tadSyncid2id1.xml,tadSyncid5id2.xml,Template3,FAILED,3,3,7
tadSyncid5id2.xml,tadSyncid2id1.xml,Template3,FAILED,3,1,7
tadSyncid2id1.xml,tmi11.xml,Template3,PASSED,3,3,7
tmi11.xml,tadSyncid2id1.xml,Template5,FAILED,5,5,10
tadSyncid4id4.xml,tmi2.xml,Template1,PASSED,2,2,9
tmi2.xml,tadSyncid4id4.xml,Template4,FAILED,4,1,6
tadSyncid4id4.xml,tadSyncid1id0.xml,Template4,FAILED,4,2,6
tadSyncid1id0.xml,tadSyncid4id4.xml,Template4,FAILED,4,2,6
tadSyncid4id4.xml,tadSyncid0id2.xml,Template1,PASSED,3,3,6
tadSyncid0id2.xml,tadSyncid4id4.xml,Template1,PASSED,3,3,6
tadSyncid4id4.xml,tadSyncid4id3.xml,Template2,PASSED,3,3,5
tadSyncid4id3.xml,tadSyncid4id4.xml,Template3,PASSED,3,3,7
tadSyncid4id4.xml,tadSyncid1id5.xml,Template3,FAILED,3,3,7
tadSyncid1id5.xml,tadSyncid4id4.xml,Template3,FAILED,3,2,6
tadSyncid4id4.xml,tadSyncid2id0.xml,Template4,FAILED,4,1,7
tadSyncid2id0.xml,tadSyncid4id4.xml,Template1,PASSED,4,4,7
tadSyncid4id4.xml,tmi12.xml,Template1,PASSED,1,1,7
tmi12.xml,tadSyncid4id4.xml,Template3,FAILED,3,1,7
tadSyncid4id4.xml,smiTemplateid1.xml,Template2,PASSED,2,2,6
smiTemplateid1.xml,tadSyncid4id4.xml,Template6,FAILED,7,1,8
tadSyncid4id4.xml,tmi10.xml,Template1,PASSED,1,1,7
tmi10.xml,tadSyncid4id4.xml,Template3,FAILED,3,3,7
tadSyncid4id4.xml,tadSyncid3id3.xml,Template3,FAILED,3,3,8
tadSyncid3id3.xml,tadSyncid4id4.xml,Template3,FAILED,3,2,7
tadSyncid4id4.xml,tadSyncid0id5.xml,Template3,PASSED,3,3,6
tadSyncid0id5.xml,tadSyncid4id4.xml,Template3,FAILED,3,1,6
tadSyncid4id4.xml,tadSyncid5id2.xml,Template3,FAILED,3,1,7
tadSyncid5id2.xml,tadSyncid4id4.xml,Template1,PASSED,3,3,7
tadSyncid4id4.xml,tmi11.xml,Template1,PASSED,1,1,6
tmi11.xml,tadSyncid4id4.xml,Template2,FAILED,3,2,6
tmi2.xml,tadSyncid1id0.xml,Template5,FAILED,5,1,7
tadSyncid1id0.xml,tmi2.xml,Template1,PASSED,3,3,8
tmi2.xml,tadSyncid0id2.xml,Template5,FAILED,5,4,6
tadSyncid0id2.xml,tmi2.xml,Template3,PASSED,3,3,7
tmi2.xml,tadSyncid4id3.xml,Template1,FAILED,4,2,7
tadSyncid4id3.xml,tmi2.xml,Template1,PASSED,2,2,9
tmi2.xml,tadSyncid1id5.xml,Template4,FAILED,4,3,5
tadSyncid1id5.xml,tmi2.xml,Template1,PASSED,2,2,7
tmi2.xml,tadSyncid2id0.xml,Template5,FAILED,5,2,6
tadSyncid2id0.xml,tmi2.xml,Template1,PASSED,3,3,6
tmi2.xml,tmi12.xml,Template2,PASSED,3,3,7
tmi12.xml,tmi2.xml,Template3,PASSED,3,3,7
tmi2.xml,smiTemplateid1.xml,Template1,PASSED,1,1,7
smiTemplateid1.xml,tmi2.xml,Template2,FAILED,5,5,6
tmi2.xml,tmi10.xml,Template1,PASSED,3,3,6
tmi10.xml,tmi2.xml,Template3,PASSED,3,3,6
tmi2.xml,tadSyncid3id3.xml,Template3,FAILED,3,2,8
tadSyncid3id3.xml,tmi2.xml,Template1,PASSED,1,1,6
tmi2.xml,tadSyncid0id5.xml,Template4,FAILED,4,4,7
tadSyncid0id5.xml,tmi2.xml,Template2,PASSED,2,2,7
tmi2.xml,tadSyncid5id2.xml,Template4,FAILED,4,2,6
tadSyncid5id2.xml,tmi2.xml,Template2,PASSED,2,2,6
tmi2.xml,tmi11.xml,Template3,PASSED,3,3,8
tmi11.xml,tmi2.xml,Template1,PASSED,3,3,7
tadSyncid1id0.xml,tadSyncid0id2.xml,Template4,FAILED,4,3,6
tadSyncid0id2.xml,tadSyncid1id0.xml,Template4,FAILED,4,3,8
tadSyncid1id0.xml,tadSyncid4id3.xml,Template3,FAILED,5,2,7
tadSyncid4id3.xml,tadSyncid1id0.xml,Template5,FAILED,5,2,6
tadSyncid1id0.xml,tadSyncid1id5.xml,Template3,PASSED,3,3,7
tadSyncid1id5.xml,tadSyncid1id0.xml,Template1,PASSED,3,3,6
tadSyncid1id0.xml,tadSyncid2id0.xml,Template4,FAILED,4,4,5
tadSyncid2id0.xml,tadSyncid1id0.xml,Template4,FAILED,4,1,6
tadSyncid1id0.xml,tmi12.xml,Template1,PASSED,3,3,7
tmi12.xml,tadSyncid1id0.xml,Template5,FAILED,5,5,7
tadSyncid1id0.xml,smiTemplateid1.xml,Template1,PASSED,1,1,7
smiTemplateid1.xml,tadSyncid1id0.xml,Template3,FAILED,6,1,7
tadSyncid1id0.xml,tmi10.xml,Template1,PASSED,3,3,6
tmi10.xml,tadSyncid1id0.xml,Template5,FAILED,5,5,6
tadSyncid1id0.xml,tadSyncid3id3.xml,Template4,FAILED,4,2,7
tadSyncid3id3.xml,tadSyncid1id0.xml,Template4,FAILED,4,1,7
tadSyncid1id0.xml,tadSyncid0id5.xml,Template3,FAILED,3,3,7
tadSyncid0id5.xml,tadSyncid1id0.xml,Template3,FAILED,3,2,7
tadSyncid1id0.xml,tadSyncid5id2.xml,Template4,FAILED,4,2,5
tadSyncid5id2.xml,tadSyncid1id0.xml,Template4,FAILED,4,2,5
tadSyncid1id0.xml,tmi11.xml,Template3,PASSED,3,3,7
tmi11.xml,tadSyncid1id0.xml,Template5,FAILED,5,5,7
tadSyncid0id2.xml,tadSyncid4id3.xml,Template3,FAILED,5,4,6
tadSyncid4id3.xml,tadSyncid0id2.xml,Template3,PASSED,5,5,8
tadSyncid0id2.xml,tadSyncid1id5.xml,Template4,FAILED,4,4,5
tadSyncid1id5.xml,tadSyncid0id2.xml,Template4,FAILED,4,1,6
tadSyncid0id2.xml,tadSyncid2id0.xml,Template3,FAILED,3,1,8
tadSyncid2id0.xml,tadSyncid0id2.xml,Template1,PASSED,3,3,8
tadSyncid0id2.xml,tmi12.xml,Template3,PASSED,3,3,6
tmi12.xml,tadSyncid0id2.xml,Template5,FAILED,5,5,6
tadSyncid0id2.xml,smiTemplateid1.xml,Template1,PASSED,2,2,6
smiTemplateid1.xml,tadSyncid0id2.xml,Template4,FAILED,7,1,6
tadSyncid0id2.xml,tmi10.xml,Template3,PASSED,3,3,7
tmi10.xml,tadSyncid0id2.xml,Template5,FAILED,5,3,8
tadSyncid0id2.xml,tadSyncid3id3.xml,Template4,FAILED,4,4,6
tadSyncid3id3.xml,tadSyncid0id2.xml,Template4,FAILED,4,1,6
tadSyncid0id2.xml,tadSyncid0id5.xml,Template3,PASSED,3,3,7
tadSyncid0id5.xml,tadSyncid0id2.xml,Template2,PASSED,3,3,6
tadSyncid0id2.xml,tadSyncid5id2.xml,Template3,FAILED,3,3,6
tadSyncid5id2.xml,tadSyncid0id2.xml,Template3,PASSED,3,3,7
tadSyncid0id2.xml,tmi11.xml,Template1,PASSED,3,3,7
tmi11.xml,tadSyncid0id2.xml,Template4,FAILED,5,3,7
tadSyncid4id3.xml,tadSyncid1id5.xml,Template4,FAILED,4,3,6
tadSyncid1id5.xml,tadSyncid4id3.xml,Template2,FAILED,4,1,7
tadSyncid4id3.xml,tadSyncid2id0.xml,Template5,FAILED,5,1,7
tadSyncid2id0.xml,tadSyncid4id3.xml,Template5,PASSED,5,5,7
tadSyncid4id3.xml,tmi12.xml,Template2,PASSED,2,2,7
tmi12.xml,tadSyncid4id3.xml,Template1,FAILED,4,1,6
tadSyncid4id3.xml,smiTemplateid1.xml,Template1,PASSED,2,2,6
smiTemplateid1.xml,tadSyncid4id3.xml,Template3,FAILED,7,1,6
tadSyncid4id3.xml,tmi10.xml,Template1,PASSED,2,2,6
tmi10.xml,tadSyncid4id3.xml,Template1,FAILED,4,1,7
tadSyncid4id3.xml,tadSyncid3id3.xml,Template3,FAILED,3,3,7
tadSyncid3id3.xml,tadSyncid4id3.xml,Template3,FAILED,3,1,7
tadSyncid4id3.xml,tadSyncid0id5.xml,Template1,PASSED,4,4,7
tadSyncid0id5.xml,tadSyncid4id3.xml,Template4,FAILED,4,2,7
tadSyncid4id3.xml,tadSyncid5id2.xml,Template4,FAILED,4,2,7
tadSyncid5id2.xml,tadSyncid4id3.xml,Template1,PASSED,4,4,6
tadSyncid4id3.xml,tmi11.xml,Template1,PASSED,2,2,7
tmi11.xml,tadSyncid4id3.xml,Template4,FAILED,4,1,8
tadSyncid1id5.xml,tadSyncid2id0.xml,Template4,FAILED,4,1,7
tadSyncid2id0.xml,tadSyncid1id5.xml,Template4,FAILED,4,4,6
tadSyncid1id5.xml,tmi12.xml,Template1,PASSED,2,2,7
tmi12.xml,tadSyncid1id5.xml,Template4,FAILED,4,4,7
tadSyncid1id5.xml,smiTemplateid1.xml,Template1,PASSED,1,1,6
smiTemplateid1.xml,tadSyncid1id5.xml,Template5,FAILED,6,4,8
tadSyncid1id5.xml,tmi10.xml,Template2,PASSED,2,2,7
tmi10.xml,tadSyncid1id5.xml,Template4,FAILED,4,1,7
tadSyncid1id5.xml,tadSyncid3id3.xml,Template3,FAILED,3,2,6
tadSyncid3id3.xml,tadSyncid1id5.xml,Template3,FAILED,3,3,7
tadSyncid1id5.xml,tadSyncid0id5.xml,Template3,FAILED,3,3,7
tadSyncid0id5.xml,tadSyncid1id5.xml,Template3,FAILED,3,1,6
tadSyncid1id5.xml,tadSyncid5id2.xml,Template2,FAILED,3,2,7
tadSyncid5id2.xml,tadSyncid1id5.xml,Template3,FAILED,3,1,7
tadSyncid1id5.xml,tmi11.xml,Template1,PASSED,2,2,6
tmi11.xml,tadSyncid1id5.xml,Template4,FAILED,4,1,7
tadSyncid2id0.xml,tmi12.xml,Template3,PASSED,3,3,7
tmi12.xml,tadSyncid2id0.xml,Template5,FAILED,5,1,7
tadSyncid2id0.xml,smiTemplateid1.xml,Template1,PASSED,2,2,10
smiTemplateid1.xml,tadSyncid2id0.xml,Template4,FAILED,7,3,6
tadSyncid2id0.xml,tmi10.xml,Template1,PASSED,3,3,7
tmi10.xml,tadSyncid2id0.xml,Template5,FAILED,5,3,9
tadSyncid2id0.xml,tadSyncid3id3.xml,Template4,FAILED,4,1,6
tadSyncid3id3.xml,tadSyncid2id0.xml,Template4,FAILED,4,4,6
tadSyncid2id0.xml,tadSyncid0id5.xml,Template3,PASSED,3,3,7
tadSyncid0id5.xml,tadSyncid2id0.xml,Template3,FAILED,3,1,9
tadSyncid2id0.xml,tadSyncid5id2.xml,Template1,PASSED,2,2,6
tadSyncid5id2.xml,tadSyncid2id0.xml,Template2,PASSED,2,2,7
tadSyncid2id0.xml,tmi11.xml,Template1,PASSED,3,3,7
tmi11.xml,tadSyncid2id0.xml,Template5,FAILED,5,2,6
tmi12.xml,smiTemplateid1.xml,Template2,PASSED,3,3,6
smiTemplateid1.xml,tmi12.xml,Template3,FAILED,6,5,6
tmi12.xml,tmi10.xml,Template1,PASSED,2,2,7
tmi10.xml,tmi12.xml,Template1,PASSED,2,2,8
tmi12.xml,tadSyncid3id3.xml,Template4,FAILED,4,4,7
tadSyncid3id3.xml,tmi12.xml,Template1,PASSED,2,2,7
tmi12.xml,tadSyncid0id5.xml,Template4,FAILED,4,2,7
tadSyncid0id5.xml,tmi12.xml,Template1,PASSED,2,2,8
tmi12.xml,tadSyncid5id2.xml,Template1,FAILED,4,1,8
tadSyncid5id2.xml,tmi12.xml,Template1,PASSED,2,2,8
tmi12.xml,tmi11.xml,Template1,PASSED,2,2,8
tmi11.xml,tmi12.xml,Template2,PASSED,2,2,7
smiTemplateid1.xml,tmi10.xml,Template3,FAILED,6,3,8
tmi10.xml,smiTemplateid1.xml,Template1,PASSED,3,3,6
smiTemplateid1.xml,tadSyncid3id3.xml,Template6,FAILED,6,3,8
tadSyncid3id3.xml,smiTemplateid1.xml,Template1,PASSED,1,1,7
smiTemplateid1.xml,tadSyncid0id5.xml,Template3,FAILED,6,3,8
tadSyncid0id5.xml,smiTemplateid1.xml,Template1,PASSED,1,1,7
smiTemplateid1.xml,tadSyncid5id2.xml,Template7,FAILED,7,3,8
tadSyncid5id2.xml,smiTemplateid1.xml,Template1,PASSED,2,2,7
smiTemplateid1.xml,tmi11.xml,Template3,FAILED,6,4,6
tmi11.xml,smiTemplateid1.xml,Template2,PASSED,3,3,7
tmi10.xml,tadSyncid3id3.xml,Template4,FAILED,4,3,7
tadSyncid3id3.xml,tmi10.xml,Template2,PASSED,2,2,7
tmi10.xml,tadSyncid0id5.xml,Template4,FAILED,4,4,7
tadSyncid0id5.xml,tmi10.xml,Template2,PASSED,2,2,8
tmi10.xml,tadSyncid5id2.xml,Template1,FAILED,4,1,6
tadSyncid5id2.xml,tmi10.xml,Template2,PASSED,2,2,6
tmi10.xml,tmi11.xml,Template2,PASSED,2,2,7
tmi11.xml,tmi10.xml,Template1,PASSED,2,2,7
tadSyncid3id3.xml,tadSyncid0id5.xml,Template3,FAILED,3,1,15
tadSyncid0id5.xml,tadSyncid3id3.xml,Template3,FAILED,3,3,7
tadSyncid3id3.xml,tadSyncid5id2.xml,Template1,FAILED,3,2,7
tadSyncid5id2.xml,tadSyncid3id3.xml,Template3,PASSED,3,3,8
tadSyncid3id3.xml,tmi11.xml,Template1,PASSED,2,2,8
tmi11.xml,tadSyncid3id3.xml,Template4,FAILED,4,4,6
tadSyncid0id5.xml,tadSyncid5id2.xml,Template3,FAILED,3,1,7
tadSyncid5id2.xml,tadSyncid0id5.xml,Template3,PASSED,3,3,9
tadSyncid0id5.xml,tmi11.xml,Template1,PASSED,2,2,8
tmi11.xml,tadSyncid0id5.xml,Template3,FAILED,4,3,7
tadSyncid5id2.xml,tmi11.xml,Template1,PASSED,2,2,7
tmi11.xml,tadSyncid5id2.xml,Template1,FAILED,4,1,7
